miR,avg_PRI
hsa-mir-4532_-_2,0
hsa-mir-766-5p_+_1,1.775067441
hsa-mir-509-3-3p,0
hsa-mir-885-5p_-_1,1.487792942
hsa-mir-4516_-_1,0
hsa-mir-374a-3p,278.8697549
hsa-mir-150-5p,1800.643144
hsa-mir-23b-3p,6965.382282
hsa-mir-512-2-3p,0
hsa-mir-193a-3p,92.34447391
hsa-mir-188-5p,87.80941827
hsa-mir-592_-_1,0
hsa-mir-30d-5p_+_3,1.775067441
hsa-mir-30d-5p_+_1,2716.088127
hsa-mir-30d-5p_+_6,4.727157812
hsa-mir-30d-5p_+_7,4.262232075
hsa-mir-30d-5p_+_4,0
hsa-mir-30d-5p_+_5,0
hsa-mir-10b-3p_+_2,47.70708952
hsa-mir-15b-5p,736.2058929
hsa-mir-4791,9.002398691
hsa-mir-874_+_1,41.47934437
hsa-mir-516a-2-5p,0
hsa-mir-4425,0
hsa-mir-27a-3p_-_1,34.25665313
hsa-mir-522-5p,0
hsa-mir-205-5p,13.94344936
hsa-mir-29b-1-3p_+_6,7.980728214
hsa-mir-3117-3p_+_1,2.048154739
hsa-mir-663b_+_1,0
hsa-mir-708-5p,1459.560424
hsa-mir-10a-5p_-_1,168.5784889
hsa-mir-1287_+_1,0
hsa-mir-99b-5p_-_1,2.867416635
hsa-mir-214-3p_-_1,1278.387202
hsa-mir-214-3p_-_2,88.0184405
hsa-mir-1185-1-3p,92.40456623
hsa-mir-526b-5p,0
hsa-mir-376a-1-3p,232.7270899
hsa-mir-497-5p,4810.26618
hsa-mir-450a-2-3p_+_1,18.67591638
hsa-mir-1248_+_3,0
hsa-mir-1248_+_1,2.952730452
hsa-mir-320b-2_+_1,97.14187127
hsa-mir-320b-2_+_2,4.49012693
hsa-let-7b-5p_+_8,0
hsa-let-7b-5p_+_2,3.280811614
hsa-let-7b-5p_+_3,42.68844805
hsa-let-7b-5p_+_1,1521.307463
hsa-let-7b-5p_+_6,65.95504065
hsa-let-7b-5p_+_7,42.85908265
hsa-let-7b-5p_+_4,24.62811543
hsa-mir-365a-3p,189.8477584
hsa-mir-1249_-_1,0
hsa-mir-5589-3p,6.812995264
hsa-mir-145-5p_-_1,85.67854085
hsa-mir-644b-5p,29.41023933
hsa-mir-3150b-3p,0
hsa-mir-548at-5p,0
hsa-mir-520g_+_1,0
hsa-mir-221-3p_+_1,515.9037026
hsa-mir-30a-3p,3271.814128
hsa-mir-483-5p,132.2667579
hsa-mir-542-3p_-_1,66.35973452
hsa-mir-152,14547.03977
hsa-mir-381_-_1,21.69016189
hsa-mir-16-2-5p_+_4,1.804446388
hsa-mir-138-1-5p,0
hsa-mir-16-2-5p_+_8,11.91770215
hsa-mir-25-5p,113.5679437
hsa-mir-34a-5p_+_5,7.04797028
hsa-mir-34a-5p_+_4,7.69766434
hsa-mir-34a-5p_+_7,1.363810196
hsa-mir-34a-5p_+_1,1163.916237
hsa-mir-34a-5p_+_3,1.487792942
hsa-let-7e-3p_+_1,0
hsa-let-7i-5p_+_3,76.73689274
hsa-let-7i-5p_+_2,5.438954079
hsa-let-7i-5p_+_1,2054.835863
hsa-let-7i-5p_+_7,7.676764315
hsa-let-7i-5p_+_6,76.31919081
hsa-let-7i-5p_+_5,43.98770048
hsa-let-7i-5p_+_4,53.71569857
hsa-mir-199b-3p_-_2,32.47291831
hsa-mir-199b-3p_-_1,13201.39037
hsa-mir-199a-2-5p,2655.651007
hsa-mir-15a-5p,4630.288658
hsa-mir-155-5p_-_1,139.1222936
hsa-mir-502-5p_-_1,57.61539321
hsa-mir-502-5p_-_2,6.969673087
hsa-let-7g-5p_+_1,5799.791305
hsa-let-7g-5p_+_3,67.22819729
hsa-let-7g-5p_+_2,3.004216003
hsa-let-7g-5p_+_5,1.983723922
hsa-let-7g-5p_+_4,11.18120522
hsa-let-7g-5p_+_7,0
hsa-let-7g-5p_+_6,9.063356552
hsa-mir-200c-3p_+_4,0
hsa-mir-21-5p_+_6,13.00498918
hsa-mir-550a-2-3p,8.451281667
hsa-mir-25-3p,24591.36966
hsa-mir-3605-5p_-_2,13.53825613
hsa-mir-3605-5p_-_1,4.714596908
hsa-mir-99a-3p,369.4141455
hsa-mir-342-3p_+_2,110.467979
hsa-mir-342-3p_+_3,7.304781599
hsa-mir-342-3p_+_1,123.7397095
hsa-mir-342-3p_+_4,1.91161109
hsa-mir-1262,1.775067441
hsa-mir-1266,8.833317005
hsa-mir-4306,2.479654903
hsa-mir-629-5p,597.6794703
hsa-mir-339-3p_+_1,16.17906268
hsa-mir-3656,1.775067441
hsa-mir-4484_+_2,1.365436493
hsa-mir-4484_+_1,2.594329337
hsa-mir-374a-5p_-_1,1.968486968
hsa-mir-18a-5p,364.9958693
hsa-mir-370_-_1,14.12068046
hsa-mir-126-3p_+_2,360.545722
hsa-mir-126-3p_+_1,9615.342973
hsa-mir-126-3p_+_6,11.1757329
hsa-mir-126-3p_+_5,1.968486968
hsa-mir-126-3p_+_8,0
hsa-mir-139-5p_-_1,2.321242038
hsa-mir-3605-3p,159.1426261
hsa-mir-3913-2-5p_+_1,1.611775687
hsa-mir-128-1_+_2,39.92510669
hsa-mir-128-1_+_1,94.49747594
hsa-mir-24-1-3p,24084.6028
hsa-let-7a-1-5p,146723.1778
hsa-mir-1180,1105.097779
hsa-mir-644b-5p_-_1,1.638523792
hsa-mir-671-3p_-_1,4.546357157
hsa-mir-125a-5p_+_7,0
hsa-mir-125a-5p_+_3,0
hsa-mir-125a-5p_+_2,176.6450544
hsa-mir-320e_-_1,9.956878867
hsa-mir-21-5p_-_3,3.966120653
hsa-mir-21-5p_-_1,3983.368953
hsa-mir-99a-5p_+_1,6.826777614
hsa-mir-3909_-_1,3.758791363
hsa-mir-3064-5p,4.826018749
hsa-mir-143-3p_+_5,2.952730452
hsa-mir-454-3p_+_2,0
hsa-mir-214-3p,4147.909476
hsa-mir-3609_-_1,63.54472169
hsa-mir-324-3p_-_2,241.2852172
hsa-mir-3687_+_7,2.46060871
hsa-mir-3687_+_6,1.735758432
hsa-mir-3687_+_3,0
hsa-mir-3687_+_2,0
hsa-mir-3687_+_8,0
hsa-mir-1283-1_+_1,0
hsa-mir-106b-3p_-_3,0
hsa-mir-106b-3p_-_2,1299.977136
hsa-mir-106b-3p_-_1,145.796292
hsa-mir-193b-5p,215.2763553
hsa-mir-23a-5p,25.08244084
hsa-mir-192-3p_+_1,2.662297523
hsa-mir-3605-5p,34.1709311
hsa-mir-200c-3p,392.7683222
hsa-mir-320b-1_+_1,94.2697036
hsa-mir-335-5p,975.6855037
hsa-mir-511-1_-_1,1.611775687
hsa-mir-30e-3p,5888.035133
hsa-mir-133a-1_+_2,7.441122823
hsa-mir-133a-1_+_1,154.6250241
hsa-let-7e-5p,28829.87882
hsa-mir-887_+_2,1.638523792
hsa-mir-548aw,0
hsa-mir-374b-3p_+_1,1.363810196
hsa-mir-362-3p,30.91034085
hsa-mir-125b-1-5p_+_3,0
hsa-mir-320c-1,337.2649226
hsa-mir-92a-2-3p_+_6,45.12897762
hsa-mir-92a-2-3p_+_7,44.58475298
hsa-mir-92a-2-3p_+_4,104.0353536
hsa-mir-92a-2-3p_+_5,1.91161109
hsa-mir-92a-2-3p_+_2,172.6090141
hsa-mir-92a-2-3p_+_1,2748.924413
hsa-mir-92a-2-3p_+_8,3.262860383
hsa-mir-184,54.4702571
hsa-mir-27b-5p_-_1,24.61999658
hsa-mir-342-5p_+_5,0
hsa-mir-342-5p_+_1,270.4063922
hsa-mir-518a-1-3p_+_1,0
hsa-mir-491-5p_+_1,6.690638816
hsa-mir-491-5p_+_2,1.804446388
hsa-mir-151a-3p_+_2,13.07151133
hsa-mir-342-3p_-_1,2.321242038
hsa-mir-3614-3p,7.015123485
hsa-mir-133a-1,208.241104
hsa-mir-133a-2,208.241104
hsa-mir-299-3p_+_1,0
hsa-mir-339-3p,184.5785584
hsa-mir-410,319.8848278
hsa-mir-222-3p_-_2,0
hsa-mir-485-5p,89.76044552
hsa-mir-651_+_1,0
hsa-mir-449b-5p,1007.016591
hsa-mir-551b-3p,73.67531789
hsa-mir-32-5p_+_1,5.785657591
hsa-mir-3928_+_1,1.487792942
hsa-mir-3928_+_2,4.788336037
hsa-mir-5001-3p,17.8532972
hsa-mir-32-3p,220.8202897
hsa-mir-487b_+_1,69.98414048
hsa-mir-487b_+_2,155.6128311
hsa-mir-30c-1-3p_+_1,14.59476974
hsa-mir-185-5p,1647.323644
hsa-mir-1292,18.85244642
hsa-mir-1291,3.116771033
hsa-mir-1296,110.4546537
hsa-mir-1294,30.41909247
hsa-mir-5699_+_3,0
hsa-mir-122-3p_-_1,231.875381
hsa-mir-122-3p_-_2,1.968486968
hsa-mir-122-3p_-_3,6.665236866
hsa-mir-222-3p_-_1,17.43315483
hsa-mir-3691-5p_-_1,1.487792942
hsa-mir-511-2_-_1,1.611775687
hsa-mir-4449_-_5,0
hsa-mir-4449_-_7,1.501980142
hsa-mir-376a-1-3p_+_1,3.106013777
hsa-mir-551a,0
hsa-mir-10a-5p_+_5,0
hsa-mir-93-3p_-_1,1.804446388
hsa-mir-93-3p_-_2,4.099132502
hsa-mir-3912,16.78052958
hsa-mir-211-5p,0
hsa-mir-532-5p_+_1,157.4021231
hsa-let-7c_-_1,467.2707973
hsa-let-7c_-_2,13.69753129
hsa-mir-19b-2-3p_-_1,31.74270806
hsa-mir-181b-1-5p,8144.315223
hsa-mir-126-3p,15217.10544
hsa-mir-19b-2-5p,0
hsa-mir-4516_+_3,7.077881973
hsa-mir-4516_+_2,13.37418476
hsa-mir-4516_+_1,35.24861896
hsa-mir-450a-2-5p,38.02478419
hsa-mir-450b-5p,105.0631405
hsa-mir-181b-2-5p,10159.42937
hsa-mir-760,9.861270523
hsa-mir-148a-3p_+_8,0
hsa-mir-148a-3p_+_7,0
hsa-mir-148a-3p_+_5,0
hsa-mir-148a-3p_+_2,334.4160638
hsa-mir-148a-3p_+_3,0
hsa-mir-148a-3p_+_1,430.6921926
hsa-mir-191-3p_-_1,0
hsa-mir-101-1-3p_-_2,1.735758432
hsa-mir-101-1-3p_-_1,3028.066054
hsa-mir-26a-2-5p_+_5,3.579513828
hsa-mir-26a-2-5p_+_4,14.28496745
hsa-mir-26a-2-5p_+_6,0
hsa-mir-26a-2-5p_+_1,2626.621666
hsa-mir-26a-2-5p_+_3,53.51163032
hsa-mir-26a-2-5p_+_2,221.2057408
hsa-mir-150-5p_+_4,0
hsa-mir-330-3p_+_2,7.968852598
hsa-mir-32-5p_-_1,7.684553033
hsa-mir-518e-3p_-_1,0
hsa-mir-885-3p_+_1,8.8485891
hsa-mir-708-5p_-_1,1.804446388
hsa-mir-28-5p_+_1,32.77854302
hsa-mir-181a-1-5p,38211.37932
hsa-mir-27a-3p,7364.420062
hsa-mir-200a-3p_-_1,1.611775687
hsa-mir-516a-1-5p,0
hsa-mir-24-2-3p,23931.73118
hsa-mir-423-5p_-_1,4.727157812
hsa-mir-504_-_1,1.775067441
hsa-mir-128-2_-_1,16.97140351
hsa-mir-4488_+_3,0
hsa-mir-320b-2_-_1,74.12042952
hsa-mir-26a-2-5p,236421.0654
hsa-mir-24-1-5p_-_1,71.63136538
hsa-mir-550a-2-3p_+_1,1.501980142
hsa-mir-423-3p_-_2,50.07411561
hsa-mir-5010-3p,34.12816268
hsa-mir-3200-5p,0
hsa-mir-24-1-3p_+_5,0
hsa-mir-222-5p,0
hsa-mir-195-3p_+_1,22.28948559
hsa-mir-145-5p,45259.64763
hsa-let-7a-3-5p,145982.9731
hsa-mir-107_-_1,41.34809813
hsa-mir-589-3p_+_2,0
hsa-mir-374a-5p,685.9057578
hsa-mir-365b-3p,190.2573893
hsa-mir-101-2-3p_-_2,1.735758432
hsa-mir-101-2-3p_-_1,3043.736454
hsa-mir-365a-5p_+_1,7.346608957
hsa-mir-193a-5p,738.9237212
hsa-mir-411-5p_-_1,583.1916688
hsa-mir-3609,52.99938924
hsa-mir-675-5p_-_3,0
hsa-mir-520d-3p,0
hsa-mir-592,22.65239256
hsa-mir-598,375.9224129
hsa-mir-153-2,1.487792942
hsa-mir-153-1,1.487792942
hsa-mir-29c-3p_-_1,41.53740947
hsa-mir-29c-3p_-_2,2.107706667
hsa-mir-3944-5p,0
hsa-mir-98,15178.7945
hsa-mir-409-3p_+_2,0
hsa-mir-409-3p_+_1,138.9135706
hsa-mir-320c-2_+_1,22.51598275
hsa-mir-144-3p_+_1,0
hsa-mir-151a-5p,3649.184324
hsa-mir-192-5p,89327.74746
hsa-mir-101-1-5p_-_1,26.09436707
hsa-mir-103a-2-3p,37565.06339
hsa-mir-5588-5p,22.50501463
hsa-mir-337-5p,85.79396473
hsa-mir-577_-_1,0
hsa-mir-380-3p,4.936454375
hsa-mir-129-2-3p,4.617810168
hsa-let-7c_+_1,441.0188051
hsa-mir-30b-5p_-_1,17.75221379
hsa-mir-4767_-_1,12.98875723
hsa-mir-197-3p_+_2,6.690638816
hsa-mir-197-3p_+_1,73.54895142
hsa-mir-30b-5p,4850.464123
hsa-mir-193a-3p_+_1,1.638523792
hsa-mir-22-3p_+_4,35.30215036
hsa-mir-22-3p_+_5,4.263173083
hsa-mir-22-3p_+_2,41.2483744
hsa-mir-22-3p_+_3,29.00612682
hsa-mir-22-3p_+_1,3014.234657
hsa-mir-1292_+_1,3.880098058
hsa-mir-491-5p,109.0309127
hsa-mir-5589-5p,35.35276655
hsa-mir-194-2-5p_+_1,251.8848389
hsa-mir-545-5p,0
hsa-let-7f-2-5p,166131.8743
hsa-mir-1185-1-3p_-_1,0
hsa-mir-199b-3p_+_3,6.508285379
hsa-mir-99b-3p,818.3469141
hsa-mir-29b-2-5p,355.314927
hsa-mir-99a-5p_-_1,46.25836226
hsa-mir-137,4.249414985
hsa-mir-134,1231.654973
hsa-mir-30d-3p_+_1,51.81090523
hsa-mir-30d-3p_+_2,0
hsa-mir-885-3p,819.3515076
hsa-mir-30c-2-5p_-_1,23.96925661
hsa-mir-199a-2-3p,89328.30238
hsa-mir-383_-_1,0
hsa-mir-1307-3p,2028.345715
hsa-mir-519d,0
hsa-mir-425-5p,2981.203542
hsa-mir-215_+_1,576.6234776
hsa-mir-215_+_2,12.7983793
hsa-mir-561-5p,8.512907791
hsa-mir-582-5p,168.3786476
hsa-mir-449b-3p,0
hsa-mir-181b-2-5p_+_3,3.700436162
hsa-mir-181b-2-5p_+_2,6.002494441
hsa-mir-181b-2-5p_+_4,0
hsa-mir-181b-2-5p_+_6,1.365436493
hsa-mir-191-5p_+_5,0
hsa-mir-455-3p_-_1,60.86734962
hsa-mir-455-3p_-_2,159.6023899
hsa-mir-550a-2-5p,0
hsa-mir-140-3p_+_4,14.6976581
hsa-mir-629-3p,8.670015667
hsa-mir-154-3p,96.28426595
hsa-mir-4746-5p,0
hsa-mir-29a-3p_-_2,9.527753826
hsa-mir-29a-3p_-_1,3202.00005
hsa-mir-543,421.5344273
hsa-mir-26a-1-3p,0
hsa-mir-664-3p_+_1,8.943102966
hsa-mir-664-3p_+_5,0
hsa-mir-191-5p_-_1,11.20161867
hsa-mir-376a-2-3p_+_1,3.106013777
hsa-mir-200a-5p,36.40311212
hsa-mir-501-3p_+_1,2.184698389
hsa-let-7b-3p,103.4524255
hsa-mir-103a-2-3p_-_1,120.6228176
hsa-mir-92a-1-3p_+_7,58.03571496
hsa-mir-92a-1-3p_+_6,56.49953326
hsa-mir-92a-1-3p_+_4,119.4872812
hsa-mir-92a-1-3p_+_3,4.93744059
hsa-mir-92a-1-3p_+_2,234.4194907
hsa-mir-92a-1-3p_+_1,3275.848606
hsa-mir-92a-1-3p_+_8,9.63725068
hsa-mir-320d-1_+_1,8.32779203
hsa-mir-3129-5p_+_2,0
hsa-mir-26b-5p,125818.3452
hsa-mir-10a-3p,480.3015752
hsa-mir-769-3p_+_2,2.321242038
hsa-mir-16-2-5p_+_7,2.132527549
hsa-mir-16-2-5p_+_5,0
hsa-mir-16-2-5p_+_2,58.45239623
hsa-mir-16-2-5p_+_1,362.3996019
hsa-mir-455-3p,1131.764289
hsa-mir-708-3p_+_1,7.903094589
hsa-mir-203_-_2,18.86569997
hsa-mir-203_-_1,129.3700639
hsa-mir-199b-5p,5930.117036
hsa-mir-25-3p_+_3,0
hsa-mir-25-3p_+_1,265.1114558
hsa-mir-25-3p_+_7,10.41457049
hsa-mir-25-3p_+_6,0
hsa-mir-25-3p_+_5,0
hsa-mir-25-3p_+_4,30.48904069
hsa-mir-146b-5p_+_8,0
hsa-mir-4785,1.638523792
hsa-mir-301a-3p_+_1,1.363810196
hsa-mir-181c-5p,1740.424326
hsa-mir-628-3p_-_1,9.644298623
hsa-mir-18b-5p,22.10825503
hsa-mir-125b-1-5p_+_2,50.89556779
hsa-mir-125b-1-5p_+_1,0
hsa-mir-125b-1-5p_+_4,0
hsa-mir-221-3p_+_4,0
hsa-mir-101-1-3p_+_3,1.363810196
hsa-mir-199a-1-3p_-_2,32.47291831
hsa-mir-199a-1-3p_-_1,13201.39037
hsa-mir-212-5p,23.44942214
hsa-mir-200a-3p_+_2,2.975585883
hsa-mir-135a-1-5p,11.57109139
hsa-mir-455-5p_-_1,50.00934246
hsa-mir-330-3p_+_1,87.64143472
hsa-mir-363-3p_+_1,51.10383169
hsa-mir-370,649.1002659
hsa-mir-372,1.487792942
hsa-mir-375,253.7771941
hsa-mir-150-3p_+_1,0
hsa-mir-449b-5p_-_1,2.107706667
hsa-mir-320d-2_-_1,2.457785687
hsa-mir-330-3p,85.63383739
hsa-mir-624-5p,1.638523792
hsa-mir-518e-3p,0
hsa-mir-4686,0
hsa-mir-4492_+_2,0
hsa-mir-4492_+_1,0
hsa-mir-485-3p,381.3194603
hsa-mir-5196-3p,0
hsa-mir-140-3p_-_1,15.27725827
hsa-mir-4500,3.772933356
hsa-mir-200c-3p_+_2,0
hsa-mir-200c-3p_+_1,2.048154739
hsa-mir-31-5p_-_1,0
hsa-mir-744-5p_-_1,0
hsa-mir-92a-1-3p_-_1,640.6678329
hsa-mir-5001-5p,2.048154739
hsa-let-7f-1-5p,162195.3423
hsa-mir-224-3p_-_1,1.775067441
hsa-mir-4707-3p,0
hsa-mir-216a_+_1,3.106013777
hsa-mir-142-3p,196.3894836
hsa-mir-200a-5p_+_1,0
hsa-mir-454-3p_+_1,67.66542599
hsa-mir-33b-5p,348.6064023
hsa-mir-652-3p,797.9433413
hsa-mir-363-3p_-_1,0
hsa-mir-665,13.70277285
hsa-mir-490-5p,0
hsa-mir-4645-3p_+_1,0
hsa-mir-504_+_1,259.634376
hsa-mir-138-1-5p_-_1,0
hsa-let-7f-2-5p_-_1,398.8782696
hsa-let-7f-2-5p_-_2,0
hsa-mir-93-5p,22079.28017
hsa-mir-576-3p,9.092486463
hsa-mir-516b-1-5p_+_1,0
hsa-mir-660-5p_+_1,21.75074621
hsa-mir-501-5p,125.389615
hsa-mir-502-3p,120.8986606
hsa-mir-197-3p_-_1,0
hsa-mir-296-3p,26.00927855
hsa-mir-550a-3-3p_+_1,1.501980142
hsa-mir-106a-5p_+_1,95.92146492
hsa-mir-664-5p,450.4480466
hsa-mir-20a-3p,14.85492271
hsa-mir-10b-3p_+_1,24.26237259
hsa-mir-4485_+_2,15.58385517
hsa-mir-378d-1_+_1,0
hsa-mir-34c-5p_+_1,0
hsa-mir-346,1.91161109
hsa-mir-150-5p_-_2,46.97361826
hsa-mir-150-5p_-_1,2.730872986
hsa-mir-641_-_1,0
hsa-mir-340-5p,3557.413904
hsa-mir-452-5p_+_2,6.144485004
hsa-mir-452-5p_+_4,7.765439293
hsa-mir-652-3p_-_1,1.501980142
hsa-mir-24-2-5p,10.09680725
hsa-mir-183-3p,0
hsa-mir-935_+_1,12.92869101
hsa-mir-941-4,186.3981823
hsa-mir-941-1,186.3981823
hsa-mir-27a-5p_+_1,0
hsa-mir-27b-3p_-_2,0
hsa-mir-125b-2-5p_+_4,0
hsa-mir-129-1-5p_+_1,2.321242038
hsa-mir-138-2-5p,1.363810196
hsa-mir-3607-3p_+_1,5.914065597
hsa-mir-3607-3p_+_2,1.501980142
hsa-mir-3607-3p_+_4,0
hsa-mir-616-5p,4.612182452
hsa-mir-181a-2-5p,38205.33939
hsa-let-7d-3p_+_1,71.98679499
hsa-mir-532-3p,559.3325423
hsa-mir-524-3p,0
hsa-let-7a-3-3p,155.4326813
hsa-mir-1185-1-5p,0
hsa-mir-103a-2-3p_+_6,0
hsa-mir-103a-2-3p_+_1,191.0372164
hsa-mir-103a-2-3p_+_2,94.35398713
hsa-mir-10b-5p_-_1,40.73403482
hsa-mir-191-5p,26264.16343
hsa-mir-331-3p_-_1,1.775067441
hsa-mir-24-2-5p_+_1,0
hsa-mir-130b-5p,144.5671852
hsa-mir-345-5p,3213.367303
hsa-mir-125b-2-3p_+_1,2.184698389
hsa-mir-125b-2-3p_+_2,1666.256201
hsa-mir-744-5p_+_1,22.02660024
hsa-mir-1278,0
hsa-mir-1275,231.6073456
hsa-mir-380-5p_-_1,0
hsa-mir-296-5p_-_1,47.77467008
hsa-mir-3143,0
hsa-mir-34b-5p_+_1,15.0279094
hsa-mir-193b-3p_+_1,947.6097585
hsa-mir-449b-5p_+_4,0
hsa-mir-127-3p_+_1,374.058073
hsa-mir-200b-3p,843.4822237
hsa-mir-15a-5p_-_1,5.100494955
hsa-mir-15a-5p_-_2,0
hsa-mir-105-1-5p_+_3,0
hsa-mir-105-1-5p_+_2,0
hsa-mir-146b-5p_-_1,413.9782757
hsa-mir-7-2-5p,707.7022507
hsa-mir-133b,0
hsa-mir-629-5p_+_1,11.92971696
hsa-mir-629-5p_+_4,0
hsa-mir-518a-2-3p,0
hsa-mir-370_+_2,1.501980142
hsa-mir-370_+_1,8.190404978
hsa-mir-1307-3p_-_1,5.023477907
hsa-mir-192-3p,97.75222402
hsa-mir-27b-3p_+_6,5.804333591
hsa-mir-27b-3p_+_4,13.46544769
hsa-mir-27b-3p_+_5,0
hsa-mir-27b-3p_+_2,202.4398252
hsa-mir-27b-3p_+_3,48.72658507
hsa-mir-27b-3p_+_1,1391.380184
hsa-mir-192-5p_+_6,0
hsa-mir-192-5p_+_5,0
hsa-mir-192-5p_+_3,112.0231756
hsa-mir-192-5p_+_2,1639.938778
hsa-mir-192-5p_+_1,51710.45769
hsa-mir-7-1-5p_+_1,9.813391608
hsa-mir-449a_+_5,2.107706667
hsa-mir-449a_+_4,1.983723922
hsa-mir-449a_+_1,10.91048157
hsa-mir-125a-5p_+_5,0
hsa-mir-1246_+_1,0
hsa-mir-1246_+_2,0
hsa-mir-129-2-5p,136.8493744
hsa-mir-486-5p_+_1,0
hsa-mir-486-5p_+_2,252.0598284
hsa-mir-379-5p_-_1,0
hsa-mir-454-3p,1392.890997
hsa-mir-30b-3p,325.4113247
hsa-mir-181a-1-5p_+_6,3.277047583
hsa-mir-181b-2-5p_-_1,90.22589981
hsa-mir-454-5p,16.93270853
hsa-mir-30e-5p_+_7,0
hsa-mir-30e-5p_+_6,0
hsa-mir-30e-5p_+_1,1398.035596
hsa-mir-30e-5p_+_3,3.327871904
hsa-mir-30e-5p_+_2,17.37968487
hsa-mir-1-2_+_1,45.34076741
hsa-mir-132-5p_-_1,63.3076138
hsa-mir-181a-1-5p_+_3,35.63907754
hsa-mir-181a-1-5p_+_5,0
hsa-mir-181a-1-5p_+_4,0
hsa-mir-181a-1-5p_+_8,0
hsa-mir-25-5p_+_1,0
hsa-mir-100-5p,11300.2739
hsa-mir-214-3p_+_1,99.61202853
hsa-mir-664-5p_+_2,26.6914818
hsa-mir-664-5p_+_1,383.4165402
hsa-mir-148b-3p_+_2,95.78004572
hsa-mir-345-5p_-_1,9.0254838
hsa-mir-299-5p_+_1,1.638523792
hsa-mir-424-3p,2039.499696
hsa-mir-218-2-5p,1844.257276
hsa-mir-144-5p_+_1,35.76384951
hsa-mir-493-5p,2354.824185
hsa-mir-409-3p,2516.895824
hsa-mir-451a_+_1,31.90138883
hsa-mir-451a_+_2,0
hsa-mir-451a_+_4,7.381826131
hsa-mir-451a_+_5,3.280811614
hsa-mir-4645-3p,0
hsa-mir-556-5p,0
hsa-mir-30a-5p_+_2,0
hsa-mir-223-3p_-_1,11.03510258
hsa-mir-518c-3p,0
hsa-let-7d-5p,34782.05925
hsa-mir-1301,102.3575363
hsa-mir-32-3p_-_1,30.78395606
hsa-mir-32-3p_-_3,5.636483771
hsa-mir-32-3p_-_2,13.51882288
hsa-mir-5590-3p,8.120191284
hsa-mir-93-5p_+_2,2.132527549
hsa-mir-93-5p_+_3,0
hsa-mir-93-5p_+_4,12.50983433
hsa-mir-93-5p_+_5,0
hsa-mir-93-5p_+_6,9.602881862
hsa-mir-223-3p,646.7745261
hsa-mir-144-5p,623.5280759
hsa-mir-511-1,58.29807113
hsa-mir-511-2,58.29807113
hsa-mir-3617,1.804446388
hsa-mir-1293_+_3,0
hsa-mir-1293_+_1,0
hsa-mir-766-3p,496.4324691
hsa-mir-4999-5p_+_6,0
hsa-mir-4999-5p_+_1,0
hsa-mir-374b-5p_+_1,14.64324365
hsa-mir-589-5p,86.33972538
hsa-mir-26a-1-5p,236008.3812
hsa-mir-24-1-5p,0
hsa-mir-643_-_1,0
hsa-mir-134_-_1,0
hsa-mir-543_+_1,11.30683516
hsa-mir-3909,18.51799024
hsa-mir-513c-5p,2.46060871
hsa-mir-136-3p,154.9633303
hsa-mir-873-3p_+_1,0
hsa-mir-125b-1-5p,1891.952936
hsa-mir-378d-2,78.24793608
hsa-mir-378d-1,62.24567207
hsa-mir-135a-2-5p,11.57109139
hsa-mir-143-5p_-_1,8.123850654
hsa-mir-132-5p,263.9887701
hsa-mir-223-3p_+_4,0
hsa-mir-223-3p_+_1,79.36774595
hsa-mir-16-1-5p_+_2,58.53251191
hsa-mir-130b-3p_-_1,9.46796451
hsa-mir-16-1-5p_+_6,1.804446388
hsa-mir-28-3p_+_1,876.0580213
hsa-mir-28-3p_+_2,279.5752076
hsa-mir-28-3p_+_3,2.048154739
hsa-mir-382-5p_-_1,0
hsa-mir-3064-5p_+_3,0
hsa-mir-3064-5p_+_2,0
hsa-mir-95_+_1,137.141062
hsa-mir-26a-1-5p_+_1,2621.121782
hsa-mir-26a-1-5p_+_2,219.9611849
hsa-mir-26a-1-5p_+_3,53.06791406
hsa-mir-26a-1-5p_+_5,3.579513828
hsa-mir-26a-1-5p_+_6,0
hsa-mir-26a-1-5p_+_7,0
hsa-mir-4999-5p_-_1,6.037299516
hsa-mir-218-1-3p,5.598289621
hsa-let-7b-5p_+_5,52.18132967
hsa-mir-1228-3p,0
hsa-mir-671-5p_+_1,15.03654044
hsa-mir-126-3p_+_7,6.540611584
hsa-mir-589-5p_+_1,2.457785687
hsa-mir-668,3.814955911
hsa-mir-182-5p_+_1,36.91254479
hsa-mir-486-3p,34.04648259
hsa-mir-769-5p,1143.512556
hsa-mir-30a-3p_-_1,1.775067441
hsa-mir-424-5p_+_1,14.72835571
hsa-let-7e-5p_+_5,8.465570616
hsa-let-7e-5p_+_4,5.720189745
hsa-let-7e-5p_+_3,15.86801915
hsa-let-7e-5p_+_1,310.0582058
hsa-mir-17-3p_+_1,22.49864585
hsa-mir-5697_+_2,0
hsa-mir-29b-2-3p_-_1,65.39210852
hsa-mir-452-5p_+_1,7.499891621
hsa-mir-452-5p_+_3,121.3099818
hsa-mir-17-5p_+_1,109.929183
hsa-mir-4532_+_3,0
hsa-mir-320a_-_1,956.604169
hsa-mir-577,0
hsa-mir-378c_+_1,8.909220085
hsa-mir-17-5p,11963.3073
hsa-mir-136-5p_-_3,1.363810196
hsa-mir-1296_+_1,3.413591232
hsa-let-7f-1-5p_+_4,40.51300991
hsa-let-7b-3p_+_1,3.771588158
hsa-mir-181a-1-5p_+_2,0
hsa-let-7a-3-5p_-_1,1658.329178
hsa-mir-873-3p,0
hsa-mir-212-3p_+_1,0
hsa-mir-20b-5p,211.7976392
hsa-mir-135a-1-3p,0
hsa-mir-133a-2_+_1,154.6250241
hsa-mir-133a-2_+_2,7.441122823
hsa-mir-589-3p,9.031244261
hsa-mir-664-5p_-_1,1.638523792
hsa-mir-223-5p_-_1,0
hsa-mir-221-5p,14.90103746
hsa-mir-132-5p_+_1,0
hsa-mir-19a-3p_+_1,17.62566422
hsa-mir-126-5p_+_4,3.620320491
hsa-mir-126-5p_+_7,0
hsa-mir-126-5p_+_1,661.859402
hsa-mir-126-5p_+_2,24.85588214
hsa-mir-126-5p_+_3,0
hsa-mir-181a-2-5p_-_1,75.65591329
hsa-mir-4443,0
hsa-mir-4449,0
hsa-mir-330-5p,82.33457815
hsa-mir-522-3p,0
hsa-mir-518e-5p,0
hsa-mir-1537,0
hsa-mir-143-3p_-_1,3352.491424
hsa-mir-143-3p_-_2,40.00384716
hsa-mir-7-3-5p_+_1,9.318446182
hsa-mir-29b-2-3p_+_7,0
hsa-mir-29b-2-3p_+_6,8.268751539
hsa-mir-539-5p,56.19493994
hsa-mir-101-1-3p,3830.895781
hsa-mir-450a-2-3p_-_1,0
hsa-mir-136-5p_+_1,0
hsa-mir-181b-1-5p_+_6,1.365436493
hsa-mir-181b-1-5p_+_1,262.0246761
hsa-mir-181b-1-5p_+_2,3.720561412
hsa-mir-181b-1-5p_+_3,0
hsa-mir-654-3p,925.0087104
hsa-mir-182-5p_+_2,6.161000808
hsa-mir-1269a_+_1,0
hsa-let-7a-1-5p_+_7,12.06538961
hsa-let-7a-1-5p_+_6,15.29180293
hsa-let-7a-1-5p_+_5,43.99312776
hsa-let-7a-1-5p_+_4,41.57603361
hsa-let-7a-1-5p_+_3,81.92838462
hsa-let-7a-1-5p_+_2,12.8827052
hsa-let-7a-1-5p_+_1,1650.013232
hsa-mir-33b-3p,13.53513086
hsa-mir-10b-3p,17.88776883
hsa-mir-21-3p_-_4,0
hsa-mir-21-3p_-_6,0
hsa-mir-342-5p,492.4265895
hsa-mir-122-5p_+_8,10.2460447
hsa-mir-122-5p_+_1,56366.19749
hsa-mir-122-5p_+_3,512.9841842
hsa-mir-122-5p_+_4,378.6867982
hsa-mir-130a-5p_-_6,0
hsa-mir-122-5p_+_6,185.4656448
hsa-mir-122-5p_+_7,5.282246646
hsa-mir-199a-1-3p,88997.5368
hsa-mir-4736,0
hsa-mir-219-1-3p,23.20026246
hsa-mir-4446-3p,5.302748853
hsa-mir-576-5p,19.62228741
hsa-mir-3607-3p_+_3,6.079047186
hsa-mir-16-2-5p,24397.75261
hsa-mir-29b-2-5p_-_1,114.9129569
hsa-mir-550a-1-5p,0
hsa-mir-432-5p,1451.943983
hsa-mir-296-5p,66.30066684
hsa-mir-92a-1-3p_+_5,2.184698389
hsa-mir-142-5p_+_1,72.56982104
hsa-mir-216b_-_1,3.228039617
hsa-mir-204-5p_+_1,2.048154739
hsa-mir-125a-5p_+_4,5.674697088
hsa-mir-125a-5p_+_1,9.147378911
hsa-mir-143-3p,224065.5967
hsa-mir-181a-1-3p_-_2,0
hsa-mir-29c-3p_+_4,0
hsa-mir-369-5p,51.6526563
hsa-mir-585_+_2,0
hsa-mir-301a-3p,313.1288597
hsa-mir-29c-3p_+_5,35.09064034
hsa-mir-653_+_3,0
hsa-mir-30a-5p_-_1,187.5985659
hsa-mir-1293_-_2,4.463378825
hsa-mir-26b-5p_-_1,2305.849379
hsa-mir-769-5p_+_1,9.5576506
hsa-mir-184_+_1,0
hsa-mir-214-5p_+_1,90.68304471
hsa-mir-214-5p_+_2,0
hsa-mir-486-3p_+_1,0
hsa-mir-361-5p_-_1,569.6807425
hsa-mir-155-5p,19750.11203
hsa-mir-1247-3p_+_3,77.87230278
hsa-mir-518b,0
hsa-mir-532-5p,4594.629361
hsa-mir-1976,1.859741177
hsa-mir-1973,0
hsa-mir-524-5p,0
hsa-mir-5010-5p,0
hsa-mir-19b-1-5p,1.735758432
hsa-mir-1307-5p_+_2,3.003960285
hsa-let-7g-3p,59.43067489
hsa-mir-193b-3p_-_1,31.14869105
hsa-mir-339-3p_+_2,11.48051275
hsa-mir-1910,1.363810196
hsa-mir-1913,1.363810196
hsa-mir-4787-3p,3.003960285
hsa-mir-552,6.628418176
hsa-mir-887_+_1,4.898225084
hsa-mir-654-5p_-_1,49.71403328
hsa-mir-335-5p_-_1,2.479654903
hsa-mir-15b-3p_+_1,0
hsa-mir-582-5p_-_1,1.487792942
hsa-mir-324-3p_-_1,19.22727028
hsa-mir-548k_+_1,0
hsa-mir-122-3p_+_1,0
hsa-mir-24-1-3p_+_1,705.9059727
hsa-mir-24-1-3p_+_2,203.8006611
hsa-mir-24-1-3p_+_3,14.55193464
hsa-mir-146a-5p_-_1,51.99985898
hsa-mir-625-3p,36.27850166
hsa-mir-451a_-_1,15.36744264
hsa-mir-423-5p,6234.562099
hsa-mir-3687_+_4,5.596207
hsa-mir-3687_+_1,0
hsa-mir-103a-2-3p_+_4,0
hsa-mir-103a-2-3p_+_3,1.239827451
hsa-mir-126-5p,24625.315
hsa-mir-1226-3p,40.77739089
hsa-mir-720,66.37805184
hsa-mir-125b-1-3p_+_1,11.33251562
hsa-mir-378a-3p_-_2,0
hsa-mir-378a-3p_-_1,70.8056396
hsa-let-7c_+_2,2.46060871
hsa-let-7c_+_3,23.37702983
hsa-let-7c_+_6,16.76071925
hsa-let-7c_+_7,4.988788499
hsa-let-7c_+_4,14.6443266
hsa-let-7c_+_5,16.73371471
hsa-mir-19b-2-3p_+_1,63.03094725
hsa-mir-95_+_2,20.68227952
hsa-mir-23b-3p_-_1,65.88072788
hsa-mir-101-2-3p,4116.327138
hsa-mir-4658,2.730872986
hsa-mir-5002-5p,1.363810196
hsa-mir-483-3p_+_1,14.44673751
hsa-mir-483-3p_+_2,0
hsa-mir-584-5p_+_1,3.550134882
hsa-mir-100-3p,37.30457345
hsa-mir-487b_-_1,0
hsa-mir-129-1-5p,138.2304308
hsa-mir-363-5p,0
hsa-mir-3173-5p,0
hsa-mir-362-5p_+_1,1.501980142
hsa-mir-4732-3p,0
hsa-mir-3613-3p,10.93532217
hsa-mir-361-3p_-_2,39.28595753
hsa-mir-361-3p_-_1,33.98641748
hsa-mir-331-5p,39.9008809
hsa-mir-424-5p,512.0630772
hsa-mir-20a-5p_+_6,0
hsa-mir-20a-5p_+_4,1.363810196
hsa-mir-20a-5p_+_2,16.76393849
hsa-mir-20a-5p_+_3,0
hsa-mir-20a-5p_+_1,154.9969617
hsa-mir-3648_+_7,0
hsa-mir-493-3p,315.6912985
hsa-mir-4662a-5p,0
hsa-mir-3615_+_1,15.19002553
hsa-mir-199a-2-3p_-_2,32.47291831
hsa-mir-199a-2-3p_-_1,13213.53936
hsa-mir-329-2,10.16050256
hsa-mir-125b-2-5p_+_3,0
hsa-mir-125b-2-5p_+_2,50.75902414
hsa-mir-125b-2-5p_+_1,0
hsa-mir-151a-5p_-_1,99.00025316
hsa-mir-449a,3667.34877
hsa-mir-4492,30.7292821
hsa-mir-147b_-_1,1.983723922
hsa-mir-139-3p_-_1,275.2449598
hsa-mir-4686_+_1,0
hsa-mir-150-3p,20.92920796
hsa-mir-3913-1-5p_+_1,1.611775687
hsa-mir-23b-5p,32.93803481
hsa-mir-30a-5p_+_1,980.336812
hsa-mir-30a-5p_+_3,1.804446388
hsa-mir-30a-5p_+_7,0
hsa-mir-30a-5p_+_6,0
hsa-mir-4661-5p,2.107706667
hsa-mir-125b-2-3p_+_3,41.09863381
hsa-mir-3129-3p_+_1,2.440439396
hsa-mir-421_-_1,0
hsa-mir-4512,0
hsa-mir-4510,0
hsa-mir-4516,33.60899863
hsa-mir-4517,0
hsa-mir-671-3p,220.1764766
hsa-mir-200b-3p_+_1,115.5410727
hsa-mir-200b-3p_+_2,26.20768756
hsa-mir-1295b-5p_-_1,0
hsa-mir-2110,175.7280921
hsa-mir-16-1-5p_+_8,11.91770215
hsa-mir-16-1-5p_+_1,364.4706699
hsa-mir-16-1-5p_+_7,2.132527549
hsa-mir-144-3p,419.4500416
hsa-mir-1269b,0
hsa-mir-1269a,156.1286752
hsa-mir-1276,0
hsa-mir-186-5p_-_1,10.77915579
hsa-mir-1301_+_2,1.638523792
hsa-mir-1301_+_1,11.01102763
hsa-mir-3913-1-5p,3.126316733
hsa-mir-323a-3p_-_1,204.0450807
hsa-mir-20a-5p_-_1,12.72451189
hsa-mir-1287,107.6972204
hsa-mir-136-5p,65.99570606
hsa-mir-615-3p,4.265055098
hsa-mir-618,29.28207218
hsa-mir-23b-5p_+_1,2.184698389
hsa-mir-181a-1-3p_-_1,2.231689412
hsa-mir-3129-5p,0
hsa-mir-585_+_1,1.775067441
hsa-mir-29c-3p_+_7,4.242161439
hsa-mir-29c-3p_+_6,24.19199392
hsa-mir-29c-3p_+_3,0
hsa-mir-29c-3p_+_2,17.92924984
hsa-mir-29c-3p_+_1,39.05226883
hsa-mir-4767,0
hsa-mir-146b-3p_+_1,222.6359665
hsa-mir-146b-3p_+_2,2.184698389
hsa-let-7i-5p,213685.841
hsa-mir-103a-1-3p_-_1,120.3748521
hsa-mir-183-5p_+_1,519.6361056
hsa-mir-183-5p_+_2,2.321242038
hsa-mir-9-1-5p,76.53492466
hsa-mir-3615_+_2,2.184698389
hsa-mir-4645-3p_-_2,4.262232075
hsa-mir-376a-1-3p_-_1,0
hsa-mir-320b-1_+_2,3.099568628
hsa-mir-548ah-5p,10.90741797
hsa-mir-31-5p_+_1,2.662297523
hsa-mir-375_-_1,15.74866462
hsa-mir-4728-3p_+_1,7.966066358
hsa-mir-196b-5p,51.23487775
hsa-mir-4497_+_1,4.516875035
hsa-mir-1295a,0
hsa-mir-484_-_1,51.54662659
hsa-mir-212-5p_+_1,3.95976583
hsa-mir-17-3p,768.8660091
hsa-mir-98_+_3,4.444332633
hsa-mir-98_+_1,115.8666715
hsa-mir-98_+_4,7.18900843
hsa-mir-483-3p,26.99729307
hsa-mir-29b-1-3p_-_1,65.39210852
hsa-mir-181c-3p,0
hsa-mir-222-3p_+_2,6.229585854
hsa-mir-3687_+_5,1.638523792
hsa-mir-1307-5p_-_1,2.048154739
hsa-mir-224-5p_-_1,0
hsa-mir-3178_-_1,0
hsa-let-7f-2-5p_+_3,55.35683202
hsa-mir-548b-5p,3.936973937
hsa-mir-9-2-5p_+_1,0
hsa-mir-190b,1047.024742
hsa-mir-1908,1.804446388
hsa-mir-4286,0
hsa-mir-4284,0
hsa-mir-16-1-5p,24474.99924
hsa-mir-625-3p_+_1,0
hsa-let-7a-2-5p_+_2,12.55462404
hsa-let-7a-2-5p_+_3,80.8839696
hsa-let-7a-2-5p_+_1,1645.325862
hsa-let-7a-2-5p_+_6,15.29180293
hsa-let-7a-2-5p_+_4,41.61609144
hsa-let-7a-2-5p_+_5,35.17056288
hsa-mir-520f_-_1,0
hsa-mir-4508_+_1,1.775067441
hsa-mir-146a-5p,7671.216753
hsa-mir-574-3p_-_1,0
hsa-mir-381_+_1,7.184976965
hsa-mir-2116-5p,24.5780211
hsa-mir-92a-1-3p,112706.8162
hsa-mir-335-3p_-_1,106.804339
hsa-mir-10a-3p_-_3,0
hsa-mir-10a-3p_-_1,27.55727913
hsa-mir-345-5p_+_1,6.007515718
hsa-mir-345-5p_+_2,1.91161109
hsa-mir-30c-1-3p,242.7382295
hsa-mir-3065-5p_+_3,0
hsa-mir-101-1-5p,12.02566527
hsa-mir-483-5p_+_1,2.29656813
hsa-mir-98_+_5,0
hsa-mir-3928,52.12691906
hsa-mir-148b-3p,9458.339148
hsa-mir-151a-3p_-_2,1070.529142
hsa-mir-151a-3p_-_1,175.1586158
hsa-mir-504,426.3242561
hsa-mir-503,975.7013007
hsa-mir-5701-1_+_3,0
hsa-mir-29b-1-5p_+_1,10.57815474
hsa-mir-1291_-_1,28.81957279
hsa-mir-449c-3p_-_3,0
hsa-mir-128-1_+_3,0
hsa-mir-155-5p_+_5,8.854427327
hsa-mir-449c-5p_-_1,1.363810196
hsa-mir-449c-5p_-_2,20.3331702
hsa-mir-378a-5p_+_1,43.36677105
hsa-mir-1247-5p_-_1,18.41746104
hsa-mir-5588-3p,0
hsa-mir-503_+_2,0
hsa-mir-503_+_1,15.94071196
hsa-mir-483-3p_-_1,0
hsa-mir-376a-1-5p_-_1,0
hsa-mir-196b-5p_+_1,0
hsa-mir-99b-5p_+_5,0
hsa-mir-99b-5p_+_4,33.58110762
hsa-mir-99b-5p_+_1,650.5233371
hsa-mir-26a-2-5p_-_1,6912.113706
hsa-mir-1255a,2.727620393
hsa-mir-376a-2-3p_-_1,0
hsa-let-7d-5p_-_1,85.00705228
hsa-mir-106b-5p_+_1,42.62690716
hsa-mir-16-2-3p,41.26069797
hsa-mir-18a-3p_+_1,2.048154739
hsa-mir-509-3-5p,0
hsa-mir-873-5p,0
hsa-mir-135b-5p,1.735758432
hsa-mir-378a-5p,523.7245357
hsa-mir-194-1-5p_+_1,137.4008581
hsa-mir-130a-3p,7843.368915
hsa-mir-493-5p_-_1,0
hsa-mir-200c-5p,0
hsa-mir-92a-2-3p_+_3,4.664353291
hsa-mir-127-5p_-_2,1.775067441
hsa-mir-326,202.547253
hsa-mir-4485_+_3,0
hsa-mir-4485_+_1,113.1114211
hsa-mir-675-5p,51.42211452
hsa-mir-654-5p,175.7572971
hsa-mir-28-3p,10121.73835
hsa-mir-185-3p,65.89127177
hsa-mir-369-3p,630.1277385
hsa-mir-644b-3p_+_2,0
hsa-mir-720_-_1,52.68638153
hsa-mir-20a-3p_+_1,0
hsa-mir-431-3p_-_2,3.228039617
hsa-mir-660-5p,1834.400129
hsa-mir-519a-1-5p,0
hsa-mir-3196,1.638523792
hsa-mir-3195,2.048154739
hsa-mir-3614-5p,3.30642653
hsa-mir-361-5p_+_2,1.501980142
hsa-mir-628-3p,8.082649562
hsa-mir-3620_+_1,2.594329337
hsa-mir-378a-5p_+_3,1.638523792
hsa-mir-378a-5p_+_2,3.548508585
hsa-let-7a-1-3p_-_5,0
hsa-mir-449a_+_3,0
hsa-mir-944_+_1,0
hsa-mir-3656_+_1,0
hsa-mir-3653_-_6,0
hsa-mir-3653_-_5,0
hsa-mir-3653_-_2,0
hsa-mir-3653_-_8,1.638523792
hsa-mir-3196_-_4,1.363810196
hsa-mir-548j,27.78849539
hsa-mir-374a-5p_+_2,0
hsa-mir-374a-5p_+_1,15.08292419
hsa-mir-548e,11.5348428
hsa-mir-301b,36.52029254
hsa-mir-190a,181.5439155
hsa-mir-30c-2-5p_+_6,0
hsa-mir-30c-2-5p_+_7,0
hsa-mir-206_+_1,0
hsa-mir-4660,0
hsa-mir-141-5p,0
hsa-mir-151a-3p_+_1,148.1077925
hsa-mir-18a-5p_+_1,8.486185066
hsa-mir-218-1-5p,1921.505163
hsa-mir-423-3p,16010.36112
hsa-mir-146b-3p,152.2994229
hsa-mir-675-3p_+_1,7.236813413
hsa-mir-3664-3p_+_3,0
hsa-mir-3664-3p_+_2,0
hsa-mir-203,5301.763107
hsa-mir-130a-3p_+_4,0
hsa-mir-320c-1_-_1,9.046310973
hsa-mir-200b-5p,62.98733119
hsa-mir-130a-3p_-_1,15.14698843
hsa-mir-30c-2-3p,519.006437
hsa-mir-519a-1-3p,0
hsa-mir-192-3p_-_4,0
hsa-mir-192-3p_-_1,7.979233577
hsa-mir-152_-_1,28.90375318
hsa-mir-1270-2_-_1,0
hsa-mir-30c-1-5p_+_1,102.5245038
hsa-mir-30c-1-5p_+_7,0
hsa-mir-30c-1-5p_+_6,0
hsa-mir-1260b_+_1,0
hsa-mir-1180_-_1,1.735758432
hsa-mir-30d-5p_-_1,122.0858732
hsa-mir-129-1-3p_-_1,24.85094417
hsa-mir-523-5p,0
hsa-mir-141-3p_+_1,0
hsa-mir-4636,0
hsa-mir-1248_+_2,0
hsa-mir-21-3p_+_2,6.626207998
hsa-mir-21-3p_+_1,62.49351815
hsa-mir-4443_+_1,33.48839799
hsa-mir-574-5p_+_1,3.003960285
hsa-mir-140-3p,5759.862457
hsa-mir-5010-3p_+_1,1.501980142
hsa-mir-185-3p_-_1,11.27646759
hsa-mir-218-1-5p_+_1,7.469093362
hsa-mir-378b,0
hsa-mir-378c,325.494926
hsa-mir-378g,0
hsa-mir-378i,82.18706638
hsa-mir-517b-3p,0
hsa-mir-548aw_-_2,0
hsa-mir-223-5p_+_1,0
hsa-mir-548j_-_1,16.67038561
hsa-mir-299-3p_-_1,5.9389571
hsa-mir-1304-3p_+_1,0
hsa-mir-520c-3p,0
hsa-mir-542-5p_-_1,2.321242038
hsa-mir-10a-3p_-_2,0
hsa-mir-181a-1-5p_+_1,405.1107408
hsa-mir-181a-1-5p_+_7,0
hsa-mir-221-3p_+_2,0
hsa-mir-221-3p_+_3,0
hsa-mir-15b-5p_+_2,0
hsa-mir-199b-3p_+_1,10566.94262
hsa-mir-199b-3p_+_2,678.9483819
hsa-mir-3661,1.501980142
hsa-mir-3662,0
hsa-mir-671-5p,312.4241744
hsa-mir-30b-5p_+_1,110.0778157
hsa-mir-30b-5p_+_6,0
hsa-mir-668_-_1,0
hsa-mir-519a-1-5p_-_1,0
hsa-mir-432-5p_+_2,4.866563409
hsa-mir-26a-2-5p_+_7,0
hsa-mir-106b-5p_+_2,3.733669555
hsa-mir-99b-3p_+_1,15.81468102
hsa-mir-93-3p_+_1,0
hsa-mir-532-5p_-_1,1.859741177
hsa-mir-1179,26.88121363
hsa-mir-516b-2-5p,0
hsa-mir-4664-3p,0
hsa-mir-1973_+_8,0
hsa-mir-3190-3p_+_2,0
hsa-mir-224-3p,0
hsa-mir-590-5p,2.88415565
hsa-mir-190b_+_1,4.369396778
hsa-mir-889_+_1,0
hsa-mir-4705,0
hsa-mir-1185-2-3p,21.60056083
hsa-mir-542-3p_+_1,0
hsa-mir-377-3p,12.31210524
hsa-let-7i-3p,227.9276829
hsa-mir-195-5p_+_2,9.09394124
hsa-mir-195-5p_+_1,68.01208149
hsa-mir-142-5p,1331.153565
hsa-mir-101-1-3p_+_1,40.1995861
hsa-mir-101-1-3p_+_2,6.916817441
hsa-mir-508-3p,0
hsa-mir-3607-3p_-_2,4.153185357
hsa-mir-452-3p_-_5,51.78635321
hsa-mir-452-3p_-_6,1.487792942
hsa-mir-125b-2-3p,59.52011707
hsa-mir-618_+_1,0
hsa-mir-28-5p_-_1,77.65976084
hsa-mir-24-2-3p_-_1,56.61232511
hsa-mir-125b-1-5p_-_1,1.638523792
hsa-let-7g-5p_-_2,4.852529465
hsa-let-7g-5p_-_1,1124.457268
hsa-mir-29a-3p_+_5,92.0060746
hsa-mir-29a-3p_+_7,22.26478141
hsa-mir-365a-3p_+_1,14.06399588
hsa-mir-29a-3p_+_2,67.71400464
hsa-mir-148a-3p,70628.50036
hsa-mir-210_-_1,135.4060279
hsa-mir-629-3p_+_1,2.662297523
hsa-let-7f-2-3p,46.78292101
hsa-mir-320b-1,1608.750389
hsa-mir-320b-2,1604.328273
hsa-mir-30e-5p_-_1,22.37783944
hsa-mir-106b-5p,2024.857072
hsa-mir-654-3p_-_1,9.994595044
hsa-mir-654-3p_-_2,43.44088496
hsa-mir-590-3p_+_1,0
hsa-mir-4732-5p,0
hsa-mir-29b-2-3p,541.673309
hsa-let-7a-2-3p,0
hsa-mir-2277-3p,2.321242038
hsa-mir-3940-3p,0
hsa-mir-126-3p_-_1,1152.741754
hsa-mir-139-5p_+_1,52.53420755
hsa-mir-139-5p_+_2,12.27158215
hsa-mir-3944-3p,6.281007868
hsa-mir-100-5p_-_1,0
hsa-mir-320b-1_-_1,74.09530771
hsa-mir-9-2-5p,76.53492466
hsa-mir-885-5p,239.3095043
hsa-mir-1343,17.88721806
hsa-mir-148b-3p_+_1,167.1259751
hsa-mir-185-5p_+_1,32.85852672
hsa-mir-425-3p,165.2681146
hsa-mir-454-3p_-_1,0
hsa-mir-29b-1-5p,355.5740725
hsa-mir-561-3p,0
hsa-mir-582-3p,49.48352982
hsa-mir-141-3p,152.3005548
hsa-mir-224-3p_+_1,25.9621365
hsa-mir-519a-2-3p,0
hsa-mir-382-5p,2111.841819
hsa-mir-30d-5p,111458.9593
hsa-mir-449b-3p_+_1,0
hsa-mir-7-3-5p,687.6055527
hsa-mir-410_+_1,0
hsa-mir-30c-1-5p,5099.395191
hsa-mir-431-5p,136.3022549
hsa-mir-127-5p,80.12188444
hsa-mir-365b-3p_+_1,14.06399588
hsa-mir-338-3p,182.4201822
hsa-mir-22-5p,864.390761
hsa-mir-26b-5p_+_8,0
hsa-mir-193b-5p_+_1,3.82322218
hsa-mir-26b-5p_+_3,66.17461116
hsa-mir-515-2-3p,0
hsa-mir-145-3p_+_2,452.2589996
hsa-mir-337-3p_+_1,5.074500745
hsa-mir-625-5p,81.4826151
hsa-mir-30e-3p_-_1,10.29709643
hsa-mir-425-3p_-_2,80.97369387
hsa-mir-425-3p_-_1,900.2937464
hsa-mir-10b-5p,23035.47143
hsa-mir-451a_+_3,0
hsa-mir-22-3p_-_1,893.2122778
hsa-mir-22-3p_-_2,0
hsa-mir-3591-5p,215.9516104
hsa-mir-148a-5p_+_1,1.91161109
hsa-mir-708-3p,17.50699296
hsa-mir-519c-5p,0
hsa-mir-3676-5p,21.70427608
hsa-mir-27b-5p_+_1,2.457785687
hsa-mir-26b-3p,46.25960417
hsa-mir-675-5p_-_5,0
hsa-mir-10a-5p,19281.77112
hsa-mir-7-1-3p_+_1,14.16181148
hsa-mir-27a-3p_+_3,1.859741177
hsa-mir-27a-3p_+_2,26.92808609
hsa-mir-27a-3p_+_1,205.3627778
hsa-mir-199b-3p,88997.41282
hsa-mir-296-3p_+_1,42.46608162
hsa-mir-127-3p_+_2,136.3416914
hsa-mir-4532_+_2,0
hsa-mir-3913-2-5p,3.126316733
hsa-mir-574-3p,4595.89528
hsa-mir-433_+_1,10.07656929
hsa-mir-28-5p,4316.610574
hsa-mir-212-3p,217.7496832
hsa-mir-3664-3p,1.487792942
hsa-mir-1-1,651.4484694
hsa-mir-1-2,700.7759115
hsa-mir-21-5p,1087685.596
hsa-mir-449c-3p,0
hsa-mir-1248_-_1,10.85582504
hsa-let-7b-5p_-_1,215.6879696
hsa-mir-4449_+_2,3.250299478
hsa-mir-99b-5p_+_3,19.74765229
hsa-mir-4449_+_1,0
hsa-mir-4449_+_6,1.363810196
hsa-mir-4449_+_4,0
hsa-mir-217_-_1,48.86630248
hsa-mir-660-3p,40.25921937
hsa-mir-574-5p,400.168598
hsa-mir-214-3p_+_2,9.72807713
hsa-mir-145-5p_+_3,180.6235223
hsa-mir-145-5p_+_2,1.638523792
hsa-mir-145-5p_+_1,44.98040396
hsa-mir-145-5p_+_4,13.71406383
hsa-mir-4484,6.282889883
hsa-mir-4485,45.87838469
hsa-mir-4488,0
hsa-mir-3136-5p,1.804446388
hsa-mir-217,166.6157848
hsa-mir-215,126.8641655
hsa-mir-210,1651.116289
hsa-mir-455-3p_+_2,0
hsa-mir-455-3p_+_1,47.5461172
hsa-mir-424-3p_+_2,12.79073673
hsa-mir-424-3p_+_1,148.39279
hsa-mir-1976_+_2,0
hsa-mir-1976_+_1,0
hsa-mir-16-1-5p_+_5,0
hsa-mir-16-2-3p_+_1,0
hsa-mir-194-2-3p,392.6082273
hsa-mir-9-1-5p_+_1,0
hsa-mir-4526,0
hsa-mir-4521,15.15634084
hsa-mir-4467,2.46060871
hsa-mir-216a,58.64108692
hsa-mir-216b,89.68419011
hsa-mir-4668-5p,0
hsa-mir-3613-5p_+_1,1.775067441
hsa-mir-3613-5p_+_5,0
hsa-mir-106a-5p,154.9618868
hsa-mir-369-3p_+_1,0
hsa-mir-518a-2-3p_+_1,0
hsa-mir-143-3p_+_6,0
hsa-mir-143-3p_+_4,56.8463218
hsa-mir-143-3p_+_3,157.5304669
hsa-mir-143-3p_+_2,12.68598167
hsa-mir-143-3p_+_1,3076.421452
hsa-mir-1283-2_+_1,0
hsa-mir-549_-_1,0
hsa-let-7i-5p_-_1,762.8957223
hsa-mir-885-3p_-_1,0
hsa-mir-376c,131.3598091
hsa-mir-155-5p_+_3,0
hsa-mir-155-5p_+_1,265.4753275
hsa-mir-155-5p_+_6,0
hsa-mir-151b,214.1588435
hsa-mir-93-5p_-_1,4.816280868
hsa-mir-22-3p,236249.9298
hsa-mir-328_+_1,44.73253338
hsa-mir-490-3p,0
hsa-mir-4664-3p_+_1,0
hsa-mir-548ax,0
hsa-let-7a-3-5p_+_5,38.30179887
hsa-let-7a-3-5p_+_6,15.29180293
hsa-mir-423-5p_+_1,82.69692302
hsa-mir-423-5p_+_2,48.74818151
hsa-mir-423-5p_+_5,0
hsa-mir-320a,62598.73254
hsa-mir-4775,0
hsa-mir-375_+_1,0
hsa-mir-323a-5p,4.108414058
hsa-mir-497-5p_-_1,0
hsa-mir-146b-5p,45785.59859
hsa-mir-320d-1_-_1,3.970700437
hsa-mir-517a-3p,0
hsa-mir-4484_-_1,3.550134882
hsa-mir-148a-3p_+_4,0
hsa-mir-151b_-_1,7.290436698
hsa-mir-99b-5p,19208.78981
hsa-mir-128-1_-_1,20.60318907
hsa-mir-374a-3p_+_1,0
hsa-mir-374b-3p,104.3311538
hsa-mir-31-3p,0
hsa-mir-34a-5p_-_2,11.78058769
hsa-mir-34a-5p_-_1,480.2252586
hsa-mir-340-3p,22.18694301
hsa-mir-21-5p_+_8,0
hsa-mir-21-5p_+_1,14706.86892
hsa-mir-21-5p_+_3,152.8888277
hsa-mir-21-5p_+_2,1898.413896
hsa-mir-21-5p_+_5,150.8145471
hsa-mir-21-5p_+_4,413.4915643
hsa-mir-21-5p_+_7,0
hsa-mir-34c-3p_+_1,0
hsa-mir-675-5p_+_1,0
hsa-mir-324-3p_+_1,2.457785687
hsa-mir-107,11716.77937
hsa-mir-550a-3-3p,8.451281667
hsa-mir-548o-3p,1.365436493
hsa-mir-3622a-5p,0
hsa-mir-93-5p_+_1,410.7398688
hsa-mir-409-3p_-_1,1622.672094
hsa-mir-3194-5p,2.048154739
hsa-mir-323b-3p,105.1155523
hsa-mir-4492_-_1,1.775067441
hsa-mir-718_+_6,6.456079234
hsa-mir-376b,28.80810253
hsa-mir-338-5p,13.56584091
hsa-mir-498,0
hsa-mir-494,21.82059443
hsa-mir-495,92.36952666
hsa-mir-199b-5p_+_3,7.068981924
hsa-mir-199b-5p_+_2,15.500542
hsa-mir-199b-5p_+_1,135.296831
hsa-mir-191-3p,30.5993495
hsa-mir-4461_-_6,0
hsa-mir-4461_-_8,0
hsa-mir-1306-3p_-_1,6.775312552
hsa-mir-130b-3p,3570.467537
hsa-mir-539-3p,32.5735067
hsa-mir-4473_+_1,0
hsa-mir-5701-2_+_3,0
hsa-mir-125b-1-3p,942.8130838
hsa-mir-1306-3p,13.47619369
hsa-mir-505-3p,185.2110464
hsa-mir-3145-3p,0
hsa-mir-29c-3p,5268.45444
hsa-mir-140-5p,1842.874008
hsa-mir-216a_-_1,0
hsa-mir-374b-3p_-_1,0
hsa-mir-499a-5p_+_1,0
hsa-mir-148b-5p_-_1,280.5561802
hsa-mir-3676-5p_-_1,15.96164724
hsa-mir-3676-5p_-_2,224.4157943
hsa-mir-3676-5p_-_3,3.116237656
hsa-mir-3676-5p_-_5,0
hsa-mir-3676-5p_-_6,0
hsa-mir-92a-2-3p_-_1,536.3717523
hsa-mir-324-3p,296.7897914
hsa-mir-154-5p,207.666834
hsa-mir-3687_-_2,0
hsa-mir-3614-5p_+_1,0
hsa-mir-99a-3p_+_1,26.53923869
hsa-mir-424-5p_-_1,0
hsa-mir-585,81.15256299
hsa-mir-3065-3p,27.86701286
hsa-mir-3607-5p,34.66372215
hsa-mir-19b-2-3p,3440.711658
hsa-let-7f-1-5p_-_1,204.5361929
hsa-mir-324-5p_+_1,32.69153031
hsa-mir-660-5p_+_4,0
hsa-mir-143-5p,1808.61463
hsa-mir-148a-5p,350.3927005
hsa-mir-495_+_1,5.205397688
hsa-mir-379-3p,41.94929231
hsa-mir-500a-3p_-_1,111.9919772
hsa-mir-1224-5p,2.479654903
hsa-mir-409-5p,2.440439396
hsa-mir-203_+_1,1732.994087
hsa-mir-203_+_2,19.36744794
hsa-mir-203_+_5,0
hsa-mir-320d-2_+_1,5.124227856
hsa-mir-194-2-3p_+_1,39.56649477
hsa-mir-196a-2-5p,30.72562101
hsa-mir-381,541.6475205
hsa-mir-383,19.74678627
hsa-mir-218-2-5p_+_1,2.184698389
hsa-mir-331-5p_-_1,15.38129545
hsa-mir-331-5p_-_2,14.94686695
hsa-mir-96-5p,4.619914082
hsa-mir-377-5p,93.67483183
hsa-mir-3182,362.2433987
hsa-mir-3188,0
hsa-mir-95,2068.5073
hsa-mir-5000-3p,0
hsa-mir-708-5p_+_1,3.327871904
hsa-mir-10b-5p_+_2,14.88428047
hsa-mir-10b-5p_+_3,5.304593371
hsa-mir-222-3p_+_1,153.5102638
hsa-mir-10b-5p_+_1,4802.998269
hsa-mir-29b-1-3p,536.6170522
hsa-mir-125b-2-5p_-_1,1.638523792
hsa-mir-382-3p,211.5251413
hsa-mir-130a-3p_+_2,0
hsa-mir-5683,0
hsa-mir-548q_+_1,0
hsa-mir-296-5p_+_1,0
hsa-mir-128-2_+_1,63.52526283
hsa-mir-128-2_+_2,27.01260305
hsa-mir-1468,77.80135383
hsa-mir-15b-3p,66.51709115
hsa-mir-452-5p,505.4804988
hsa-mir-129-2-5p_+_1,2.321242038
hsa-mir-127-3p_-_2,6.792692308
hsa-mir-127-3p_-_1,357.3616421
hsa-mir-509-2-3p,0
hsa-mir-431-3p,6.388914399
hsa-mir-3687_-_3,0
hsa-mir-127-3p,27899.09821
hsa-mir-106b-3p,2938.628835
hsa-mir-362-5p,310.6876761
hsa-mir-92b-5p,44.15272234
hsa-mir-519b-5p,0
hsa-mir-4488_+_4,0
hsa-mir-4488_+_2,0
hsa-mir-107_+_2,0
hsa-mir-107_+_1,57.54176179
hsa-mir-3124-5p,0
hsa-mir-655,44.39459108
hsa-mir-651,42.39097175
hsa-mir-132-3p,3181.729685
hsa-let-7c,59028.99089
hsa-mir-195-5p,3080.895832
hsa-mir-3189-3p,1.735758432
hsa-mir-101-2-3p_+_1,41.7309438
hsa-mir-101-2-3p_+_2,14.56817909
hsa-mir-101-2-3p_+_3,1.363810196
hsa-mir-376a-1-5p,38.92181539
hsa-mir-4999-5p,15.50941667
hsa-mir-3145-3p_+_3,0
hsa-mir-497-3p,0
hsa-mir-379-5p_+_1,51.71190927
hsa-mir-449b-5p_+_5,0
hsa-mir-3605-3p_+_2,13.54855984
hsa-mir-3605-3p_+_1,20.47663044
hsa-mir-106b-3p_+_1,27.93079055
hsa-mir-106b-3p_+_2,0
hsa-mir-644b-3p,8.192618958
hsa-mir-455-5p_+_2,93.60770769
hsa-mir-616-3p_-_1,1.239827451
hsa-mir-320c-2_-_1,9.281715559
hsa-mir-431-3p_-_3,8.893494073
hsa-mir-182-5p,7361.832555
hsa-mir-181c-5p_+_1,12.33955033
hsa-mir-34a-3p_+_1,0
hsa-mir-200c-3p_-_1,1.983723922
hsa-mir-5589-5p_-_1,2.231689412
hsa-mir-195-3p,339.452002
hsa-mir-19a-3p,936.9124968
hsa-mir-3150b-3p_+_1,0
hsa-mir-34c-5p_-_1,0
hsa-mir-4677-3p,21.52183142
hsa-mir-5187-5p,3.277047583
hsa-mir-140-5p_+_1,24.60952367
hsa-mir-130b-5p_+_1,4.779027725
hsa-mir-376a-2-3p,232.7270899
hsa-mir-4422,0
hsa-mir-29b-1-3p_+_1,9.568585208
hsa-mir-29b-1-3p_+_2,0
hsa-mir-29b-1-3p_+_5,1.735758432
hsa-mir-29b-1-3p_+_7,0
hsa-mir-33a-3p,8.788050269
hsa-mir-744-3p_-_6,0
hsa-mir-99a-5p,4497.482104
hsa-mir-214-5p,738.5853375
hsa-mir-9-3-5p_+_1,0
hsa-mir-1246,0
hsa-mir-1249,33.39214627
hsa-mir-1248,208.8411863
hsa-mir-5091,0
hsa-mir-449c-5p_+_8,0
hsa-let-7a-3-3p_-_5,0
hsa-mir-505-3p_+_1,213.0318832
hsa-mir-505-3p_+_3,0
hsa-mir-505-3p_+_2,45.25845774
hsa-mir-505-3p_+_4,0
hsa-mir-9-3-5p,76.53492466
hsa-mir-4326,12.59160043
hsa-mir-99a-5p_+_3,35.23735154
hsa-mir-99a-5p_+_6,0
hsa-mir-99a-5p_+_4,91.32621101
hsa-mir-99a-5p_+_5,43.10132698
hsa-mir-4458,0
hsa-mir-26a-1-5p_+_4,14.28496745
hsa-mir-1260a,7.648946973
hsa-mir-1260b,87.92569797
hsa-mir-4999-5p_-_2,0
hsa-mir-1-1_+_1,41.96587959
hsa-mir-3195_+_2,4.096309479
hsa-mir-150-5p_+_1,83.52933314
hsa-mir-150-5p_+_2,29.9312474
hsa-mir-484_+_1,311.8872355
hsa-mir-484_+_2,166.7143587
hsa-mir-199a-2-5p_+_2,14.31623141
hsa-mir-199a-2-5p_+_1,55.77958608
hsa-mir-2467-5p,0
hsa-mir-146b-5p_+_7,0
hsa-mir-802_-_1,3.228039617
hsa-mir-652-3p_+_5,0
hsa-mir-652-3p_+_1,27.63068936
hsa-mir-944,0
hsa-mir-942,4.591849814
hsa-mir-940,19.39787116
hsa-mir-671-5p_-_1,0
hsa-mir-652-5p_-_1,1.501980142
hsa-mir-769-5p_-_1,15.03967709
hsa-mir-1260a_+_1,0
hsa-mir-191-5p_+_2,13.53415544
hsa-mir-191-5p_+_1,1446.878668
hsa-mir-191-5p_+_4,0
hsa-mir-1295b-3p,2.727620393
hsa-mir-125b-1-3p_-_1,51.37866383
hsa-mir-154-5p_+_1,0
hsa-mir-197-3p,868.1556148
hsa-mir-320a_+_5,16.17094172
hsa-mir-320a_+_4,20.42028864
hsa-mir-320a_+_7,0
hsa-mir-320a_+_1,4011.85934
hsa-mir-320a_+_3,4.552931451
hsa-mir-320a_+_2,792.5744632
hsa-mir-769-3p_+_1,117.4709178
hsa-mir-200a-3p_+_4,0
hsa-mir-200a-3p_+_1,37.94979527
hsa-let-7e-3p,159.0053655
hsa-mir-125b-2-3p_-_1,71.36485365
hsa-let-7a-1-5p_-_1,184.9638719
hsa-mir-493-5p_+_2,5.529714158
hsa-mir-493-5p_+_1,15.95724855
hsa-mir-92a-1-5p,163.9430983
hsa-mir-342-3p,1524.757101
hsa-mir-19a-3p_-_1,74.20402171
hsa-mir-516b-1-5p,0
hsa-mir-25-3p_-_1,12.71744554
hsa-mir-103a-1-3p_+_4,0
hsa-mir-339-5p,374.3696035
hsa-mir-200a-3p,2762.951786
hsa-mir-433,315.6949903
hsa-mir-551b-5p,13.46170628
hsa-mir-19b-1-3p,3352.40104
hsa-mir-512-1-3p,0
hsa-mir-199a-1-3p_+_1,10567.06661
hsa-mir-199a-1-3p_+_2,678.9483819
hsa-mir-199a-1-3p_+_3,6.508285379
hsa-mir-411-5p_+_1,0
hsa-mir-1306-5p,7.683411461
hsa-mir-411-3p,65.00781786
hsa-mir-196a-2-5p_+_1,0
hsa-mir-676-3p,30.11191646
hsa-mir-3934,8.364981634
hsa-mir-1277-5p_+_3,5.347927068
hsa-mir-144-5p_-_1,0
hsa-mir-144-3p_-_1,55.41176479
hsa-mir-183-3p_+_1,11.03432953
hsa-mir-675-5p_-_4,0
hsa-mir-181b-1-3p,2.231689412
hsa-mir-7-2-5p_-_1,3.116771033
hsa-mir-148b-3p_-_1,20.80447955
hsa-mir-4458_+_1,0
hsa-mir-135a-1-3p_-_1,0
hsa-mir-877-3p,0
hsa-mir-140-3p_+_2,530.0111417
hsa-mir-140-3p_+_3,70.02742531
hsa-mir-140-3p_+_1,11262.38155
hsa-mir-450a-2-3p,24.08466705
hsa-mir-148b-5p,1.363810196
hsa-mir-449c-5p_+_6,0
hsa-mir-449c-5p_+_5,0
hsa-mir-1270-1_-_1,0
hsa-mir-4802-3p,0
hsa-mir-23a-3p_+_3,71.82559265
hsa-mir-23a-3p_+_1,194.5637043
hsa-mir-376c_-_1,0
hsa-mir-194-2-5p_-_2,4.604030597
hsa-mir-194-2-5p_-_1,125.361451
hsa-mir-3609_+_1,0
hsa-mir-1303_-_1,2.479654903
hsa-mir-32-3p_+_1,0
hsa-mir-27a-5p,232.0424844
hsa-mir-195-5p_-_1,12.37436933
hsa-mir-4772-3p,17.68867237
hsa-let-7f-2-5p_+_2,9.315500853
hsa-let-7f-2-5p_+_1,2429.321078
hsa-let-7f-2-5p_+_7,0
hsa-let-7f-2-5p_+_6,0
hsa-let-7f-2-5p_+_5,19.20734499
hsa-let-7f-2-5p_+_4,41.97899739
hsa-mir-520b,0
hsa-mir-520g,0
hsa-mir-520h,0
hsa-mir-181c-3p_+_1,163.5747282
hsa-mir-331-3p,1661.200374
hsa-let-7i-3p_+_1,6.554095166
hsa-mir-379-5p,1786.250327
hsa-mir-26a-2-3p,10.4633003
hsa-mir-22-5p_-_1,0
hsa-mir-30e-5p,18839.34419
hsa-mir-328,1306.105064
hsa-mir-425-5p_+_2,5.874007762
hsa-mir-425-5p_+_1,294.3937839
hsa-mir-145-3p,71.42648832
hsa-mir-361-5p_+_1,47.6728535
hsa-mir-134_+_1,52.75444627
hsa-mir-19b-1-3p_+_1,60.94853992
hsa-mir-4479,4.64085778
hsa-mir-30c-2-5p_+_1,102.5245038
hsa-mir-3125,0
hsa-mir-337-3p,13.84235604
hsa-mir-141-3p_-_1,0
hsa-mir-206,5.86916294
hsa-mir-363-3p,430.1797507
hsa-mir-136-5p_-_2,0
hsa-mir-452-5p_-_1,0
hsa-mir-365b-5p,26.03078408
hsa-mir-3065-5p,119.8672688
hsa-mir-132-3p_+_2,66.79125637
hsa-mir-132-3p_+_1,143.2431949
hsa-mir-382-5p_+_1,275.9477049
hsa-mir-382-5p_+_2,292.8084555
hsa-mir-382-5p_+_3,2.440439396
hsa-mir-95_-_1,2.048154739
hsa-mir-181d,1813.715724
hsa-mir-3620,8.602249906
hsa-mir-378i_+_1,3.95976583
hsa-mir-1973_+_3,0
hsa-mir-1973_+_2,0
hsa-mir-1973_+_1,0
hsa-mir-2116-3p_-_1,7.503132809
hsa-mir-3607-3p_-_8,4.590313236
hsa-mir-3607-3p_-_3,3.237738574
hsa-mir-3607-3p_-_1,0
hsa-mir-3607-3p_-_6,9.901090969
hsa-mir-3607-3p_-_7,8.088277278
hsa-mir-3607-3p_-_4,4.399716732
hsa-mir-3607-3p_-_5,10.2480751
hsa-mir-29a-3p_+_4,3.868285981
hsa-mir-29a-3p_+_6,76.18981108
hsa-mir-92b-3p_+_2,4.176197828
hsa-mir-92b-3p_+_1,96.35916002
hsa-mir-92b-3p,4487.833458
hsa-mir-542-5p_+_1,0
hsa-mir-335-5p_+_2,7.595499965
hsa-mir-335-5p_+_1,12.16665434
hsa-mir-196a-2-5p_-_1,0
hsa-mir-151a-3p,8824.031369
hsa-mir-636,1.859741177
hsa-mir-103a-2-5p,5.764212217
hsa-mir-584-5p_-_1,3.550134882
hsa-mir-1254-2,10.92810726
hsa-mir-1254-1,11.05209001
hsa-mir-378d-2_+_1,1.638523792
hsa-mir-3129-3p,6.676046764
hsa-mir-19b-1-3p_-_1,30.42276493
hsa-mir-3117-3p,15.83523266
hsa-mir-4524a-5p_+_2,0
hsa-mir-885-5p_+_2,19.53904924
hsa-mir-584-5p,363.1467345
hsa-let-7a-1-5p_-_2,5.904927527
hsa-let-7a-3-5p_+_1,1644.346415
hsa-let-7a-3-5p_+_3,80.8839696
hsa-let-7a-3-5p_+_2,12.55462404
hsa-let-7a-3-5p_+_4,41.45205086
hsa-let-7a-3-5p_+_7,12.06538961
hsa-mir-641_+_1,0
hsa-mir-19a-5p,0
hsa-mir-190b_-_1,0
hsa-mir-548ak_-_1,0
hsa-mir-2277-5p,30.44509292
hsa-mir-16-2-5p_-_1,172.4028017
hsa-mir-199a-1-5p_+_2,13.94428318
hsa-mir-629-5p_-_1,0
hsa-mir-29b-2-5p_+_1,33.05825699
hsa-let-7a-2-5p_+_7,12.06538961
hsa-mir-1299,25.78368455
hsa-mir-92b-3p_-_1,76.24247043
hsa-mir-1293,3.471516864
hsa-mir-450b-5p_+_1,0
hsa-mir-485-3p_-_1,18.88445558
hsa-mir-517c-3p,0
hsa-mir-181b-1-5p_-_1,78.75041029
hsa-mir-486-5p_-_1,14.37526962
hsa-mir-455-5p_+_1,22.89086173
hsa-mir-455-5p_+_3,1.638523792
hsa-mir-199a-2-3p_+_1,10694.61006
hsa-mir-199a-2-3p_+_3,6.508285379
hsa-mir-199a-2-3p_+_2,682.5716134
hsa-mir-4433-5p,0
hsa-mir-5589-5p_-_2,2.727620393
hsa-mir-24-2-5p_-_2,1.983723922
hsa-mir-186-5p,11029.13795
hsa-mir-340-5p_-_1,14.22102708
hsa-mir-3656_-_1,1.638523792
hsa-mir-16-1-5p_+_4,1.804446388
hsa-mir-103a-1-3p,37365.65182
hsa-mir-1307-5p,1402.346873
hsa-mir-142-3p_+_4,0
hsa-mir-142-3p_+_1,168.4133024
hsa-mir-142-3p_+_2,1.735758432
hsa-mir-142-3p_+_3,82.83297259
hsa-mir-139-3p_+_2,0
hsa-mir-15a-5p_+_2,7.794502661
hsa-mir-15a-5p_+_1,67.36206183
hsa-mir-146b-5p_+_5,0
hsa-mir-146b-5p_+_4,0
hsa-mir-146b-5p_+_3,0
hsa-mir-146b-5p_+_1,588.0618818
hsa-mir-16-1-3p,0
hsa-mir-489,33.09743932
hsa-mir-484,7773.459534
hsa-mir-374b-5p_-_1,0
hsa-mir-2116-3p,11.50038434
hsa-mir-1185-2-5p,0
hsa-mir-421_+_1,21.39766475
hsa-mir-421_+_4,19.11978271
hsa-mir-1247-5p,804.1981468
hsa-mir-373-3p,6.725663808
hsa-mir-1229,2.457785687
hsa-mir-365b-5p_-_1,21.24593262
hsa-mir-17-3p_-_1,7.892994065
hsa-mir-125a-5p_-_1,19.39135937
hsa-mir-32-5p,427.4794423
hsa-mir-29a-3p_+_1,696.2732081
hsa-mir-33a-5p,25.60196952
hsa-mir-142-5p_-_1,91.90999138
hsa-mir-142-5p_-_2,3314.698086
hsa-mir-142-5p_-_3,0
hsa-mir-627_+_1,0
hsa-mir-23b-5p_-_1,6.2036255
hsa-let-7b-5p,204277.9897
hsa-mir-887,1232.558553
hsa-mir-889,138.9323431
hsa-mir-585_-_1,15.65625361
hsa-mir-3187-3p,11.23900235
hsa-mir-222-3p_+_3,1.501980142
hsa-mir-196a-1-5p_+_1,0
hsa-mir-1304-3p,0
hsa-mir-548b-3p,21.23470658
hsa-mir-891a,4.265055098
hsa-mir-34a-3p,6.877065118
hsa-mir-1293_-_1,1.363810196
hsa-mir-1293_-_3,2.479654903
hsa-mir-196a-1-5p,13.12324646
hsa-mir-31-5p,479.5406167
hsa-mir-371b-5p,0
hsa-mir-30e-3p_+_2,0
hsa-mir-30e-3p_+_1,138.6578213
hsa-mir-26b-5p_+_1,1495.153531
hsa-mir-26b-5p_+_2,203.2878878
hsa-mir-26b-5p_+_4,7.012400688
hsa-mir-26b-5p_+_7,1.968486968
hsa-mir-26b-5p_+_6,10.41807833
hsa-mir-7-2-5p_+_1,9.72807713
hsa-mir-125a-3p_+_1,35.60207999
hsa-mir-125a-3p_+_2,1.638523792
hsa-mir-378a-3p,11936.03561
hsa-mir-18a-3p,135.0143137
hsa-mir-509-1-3p,0
hsa-mir-129-1-3p_+_1,1.775067441
hsa-mir-1295b-5p,0
hsa-mir-3651_-_1,0
hsa-mir-500b_-_1,17.72586077
hsa-mir-16-2-3p_-_2,6.904407965
hsa-mir-455-5p,494.5718097
hsa-mir-182-5p_-_1,23.22076227
hsa-mir-122-5p_+_5,227.4971926
hsa-mir-17-5p_-_1,110.8796059
hsa-mir-30c-2-3p_+_1,18.03567268
hsa-mir-3127-5p,5.495426427
hsa-mir-675-3p,87.97844607
hsa-mir-4464_+_4,0
hsa-mir-887_-_1,7.404618024
hsa-mir-26b-5p_+_5,10.18338007
hsa-mir-5571-3p_+_4,0
hsa-mir-4724-5p,0
hsa-mir-3174,1.363810196
hsa-mir-3176,40.15683156
hsa-mir-2277-3p_-_1,3.814955911
hsa-mir-30a-3p_+_3,0
hsa-mir-30a-3p_+_2,12.25348592
hsa-mir-29b-2-3p_+_1,9.568585208
hsa-mir-29b-2-3p_+_2,0
hsa-mir-502-3p_+_1,9.314347099
hsa-mir-3158-2-3p,0
hsa-mir-331-3p_+_1,39.49841334
hsa-mir-331-3p_+_2,1.638523792
hsa-mir-378c_-_1,0
hsa-mir-122-5p,1266952.926
hsa-mir-3687,4.426272656
hsa-mir-147b,20.31870679
hsa-mir-421_+_3,16.00853522
hsa-mir-421_+_2,0
hsa-mir-744-5p,834.7683074
hsa-mir-520a-3p,0
hsa-mir-411-5p,679.1390168
hsa-mir-27b-5p,623.6420911
hsa-mir-3615,958.3409238
hsa-mir-340-5p_+_2,1.91161109
hsa-mir-340-5p_+_1,15.1043062
hsa-mir-128-2_+_3,0
hsa-mir-181a-2-5p_+_4,0
hsa-mir-181a-2-5p_+_5,0
hsa-mir-181a-2-5p_+_6,3.277047583
hsa-mir-181a-2-5p_+_7,0
hsa-mir-181a-2-5p_+_1,404.9401119
hsa-mir-181a-2-5p_+_2,0
hsa-mir-181a-2-5p_+_3,35.63907754
hsa-mir-181a-2-5p_+_8,0
hsa-mir-505-5p,110.4867356
hsa-mir-641,17.794266
hsa-mir-3607-5p_-_1,10.76311081
hsa-mir-1307-3p_+_1,1195.834504
hsa-mir-1307-3p_+_2,20.65530887
hsa-mir-100-3p_-_1,0
hsa-mir-369-3p_-_1,27.30366362
hsa-mir-148a-3p_-_1,229.7763015
hsa-mir-218-1-3p_-_1,22.60305062
hsa-mir-218-1-3p_-_2,2.184698389
hsa-mir-218-1-3p_-_3,13.79090858
hsa-mir-218-1-3p_-_4,504.491157
hsa-mir-148a-5p_-_1,11.36440591
hsa-mir-767-5p,0
hsa-mir-146a-3p_-_2,0
hsa-mir-191-3p_+_1,6.160562492
hsa-mir-29c-5p_+_1,183.9419939
hsa-mir-29c-5p_+_3,2.048154739
hsa-mir-29c-5p_+_2,64.00943557
hsa-let-7d-5p_+_4,6.076901027
hsa-let-7d-5p_+_6,9.606405772
hsa-let-7d-5p_+_7,0
hsa-let-7d-5p_+_1,251.3403844
hsa-mir-3173-5p_+_2,0
hsa-mir-93-3p,55.48810832
hsa-mir-27b-3p_-_1,815.2124976
hsa-mir-204-3p,16.42245374
hsa-let-7e-5p_-_1,171.1498954
hsa-mir-192-5p_-_1,134.7296209
hsa-mir-192-5p_-_3,0
hsa-mir-192-5p_-_2,0
hsa-mir-449a_-_1,24.30061805
hsa-mir-323a-3p_+_1,0
hsa-mir-125a-3p,271.8860736
hsa-mir-92a-2-3p,95543.6289
hsa-mir-664-3p,221.4163376
hsa-mir-654-3p_+_1,9.045358883
hsa-let-7f-1-3p,10.10037491
hsa-mir-4497,75.12883524
hsa-mir-4802-5p,1.804446388
hsa-mir-382-3p_+_1,0
hsa-mir-30c-2-5p,5098.28153
hsa-mir-339-5p_+_2,1.365436493
hsa-mir-744-3p,1.363810196
hsa-mir-193a-5p_-_1,9.558055451
hsa-mir-4525_+_1,1.859741177
hsa-mir-376c_+_1,0
hsa-mir-127-5p_+_2,59.02832698
hsa-mir-127-5p_+_1,52.33618051
hsa-mir-122-5p_-_2,45.61614051
hsa-mir-122-5p_-_1,1550.531805
hsa-mir-126-5p_-_1,52.65971485
hsa-mir-29a-5p,73.92078261
hsa-mir-183-5p,1241.534116
hsa-mir-299-5p_-_1,27.96710809
hsa-mir-877-5p_+_1,22.88806936
hsa-mir-16-1-5p_-_1,7.882014733
hsa-mir-361-5p,4037.710425
hsa-mir-451a,7210.354274
hsa-mir-24-1-5p_-_2,25.28053696
hsa-mir-598_+_1,6.963726114
hsa-mir-449c-3p_-_2,0
hsa-mir-628-5p,70.969748
hsa-mir-574-3p_+_7,0
hsa-mir-574-3p_+_1,149.6778204
hsa-mir-574-3p_+_2,2.184698389
hsa-mir-20b-5p_+_1,0
hsa-mir-130b-3p_+_1,129.368797
hsa-mir-181a-1-3p_+_1,0
hsa-mir-518a-1-3p,0
hsa-mir-129-1-3p_-_2,10.37731735
hsa-mir-2355-3p,0
hsa-mir-1250,6.818916196
hsa-mir-1258,0
hsa-mir-643_-_2,0
hsa-mir-193a-5p_+_1,46.06400299
hsa-mir-2110_+_1,2.457785687
hsa-mir-1304-5p_-_3,3.634507691
hsa-mir-500a-3p,255.0882654
hsa-mir-3545-3p,0
hsa-mir-135b-5p_+_1,0
hsa-mir-199a-1-5p_+_3,7.416109277
hsa-mir-199a-1-5p_+_1,55.77958608
hsa-mir-4683,23.52282455
hsa-mir-1197,0
hsa-mir-4728-3p,30.70547938
hsa-mir-135b-3p,0
hsa-mir-299-5p,81.56306585
hsa-mir-199a-2-5p_+_3,7.416109277
hsa-mir-224-5p,791.0973587
hsa-mir-590-3p,103.3801708
hsa-mir-331-5p_-_5,2.594329337
hsa-mir-624-3p_-_2,0
hsa-mir-141-3p_+_2,0
hsa-mir-656,20.61254095
hsa-mir-7-1-5p,732.4856
hsa-mir-193b-3p_+_3,5.461745972
hsa-mir-193b-3p_+_2,18.04050072
hsa-mir-194-2-5p,22463.89773
hsa-mir-28-3p_-_1,16.45479135
hsa-mir-532-3p_+_2,1.501980142
hsa-mir-532-3p_+_1,19.6614758
hsa-mir-320d-2,142.1273436
hsa-mir-320d-1,166.8685319
hsa-mir-26a-1-5p_-_1,6884.479715
hsa-mir-139-5p,1883.994985
hsa-mir-130a-3p_+_1,140.0378796
hsa-mir-149-5p_+_1,2.730872986
hsa-mir-1270-2,16.51302005
hsa-mir-4524a-3p,0
hsa-mir-125b-2-5p,1867.948811
hsa-mir-122-5p_+_2,280.6230448
hsa-mir-29c-5p,262.4429942
hsa-mir-582-5p_+_2,4.126629433
hsa-mir-582-5p_+_1,25.02136097
hsa-let-7a-2-5p_-_1,211.3119804
hsa-mir-5588-5p_-_1,0
hsa-mir-155-5p_+_2,107.6923784
hsa-let-7f-1-5p_+_6,1.640405807
hsa-let-7f-1-5p_+_7,0
hsa-let-7f-1-5p_+_5,46.43806877
hsa-let-7f-1-5p_+_2,30.30168179
hsa-let-7f-1-5p_+_3,54.24197286
hsa-let-7f-1-5p_+_1,2351.48857
hsa-mir-24-1-3p_-_1,56.77636569
hsa-mir-30b-3p_+_1,2.594329337
hsa-mir-335-3p_+_1,0
hsa-mir-335-3p_+_2,0
hsa-mir-146a-5p_+_2,3.60701076
hsa-mir-146a-5p_+_1,173.7317638
hsa-mir-10a-3p_+_1,114.8944507
hsa-mir-10a-3p_+_2,1.611775687
hsa-mir-499a-5p,34.33187245
hsa-mir-34c-5p,107.5039513
hsa-mir-483-5p_-_1,0
hsa-mir-21-3p_-_5,0
hsa-mir-21-3p_-_7,0
hsa-mir-21-3p_-_1,2.457785687
hsa-mir-21-3p_-_3,0
hsa-mir-21-3p_-_8,0
hsa-let-7a-2-5p,146208.5277
hsa-mir-542-3p,252.9162506
hsa-mir-3622a-3p_+_1,0
hsa-mir-556-3p,0
hsa-mir-23b-3p_+_2,10.47896599
hsa-mir-23b-3p_+_3,94.62200264
hsa-mir-23b-3p_+_1,361.2964898
hsa-mir-23b-3p_+_4,0
hsa-mir-128-1,6433.16715
hsa-mir-128-2,5111.14032
hsa-mir-136-3p_+_3,0
hsa-mir-136-3p_+_2,13.84072077
hsa-mir-136-3p_+_1,47.51478039
hsa-mir-500a-3p_+_1,1.638523792
hsa-mir-1323,0
hsa-mir-548ak,0
hsa-mir-1469_+_4,4.695330352
hsa-mir-1469_+_1,3.228039617
hsa-mir-1247-5p_+_1,12.28852359
hsa-mir-1247-5p_+_2,3.413591232
hsa-mir-503_-_1,0
hsa-mir-429,170.9450163
hsa-mir-421,905.0197733
hsa-mir-10a-5p_+_2,226.2554993
hsa-mir-30d-3p,139.6570541
hsa-mir-223-5p,82.33202287
hsa-mir-624-5p_-_1,0
hsa-mir-146b-5p_+_6,0
hsa-mir-1280,13.90863845
hsa-mir-106b-5p_-_1,1.804446388
hsa-mir-515-1-3p,0
hsa-mir-766-5p,39.21209116
hsa-mir-16-2-5p_+_6,1.804446388
hsa-mir-10b-3p_-_1,0
hsa-mir-181d_+_1,9.284360876
hsa-mir-550a-1-3p_+_1,1.501980142
hsa-mir-151a-5p_+_2,58.81486625
hsa-mir-151a-5p_+_1,97.52751831
hsa-mir-30a-3p_+_1,1002.344367
hsa-mir-1269a_-_1,2.132527549
hsa-mir-34a-5p_+_6,0
hsa-mir-34a-5p_+_2,3.733669555
hsa-mir-329-1,10.16050256
hsa-mir-4685-3p,0
hsa-mir-501-3p,79.7577714
hsa-mir-548l,11.62501128
hsa-mir-548k,57.01165784
hsa-mir-548w,0
hsa-mir-548q,2.184698389
hsa-mir-181b-2-5p_+_1,350.5149535
hsa-mir-181b-2-5p_+_7,0
hsa-mir-519c-3p,0
hsa-mir-1245a,0
hsa-mir-720_+_1,10.58389121
hsa-mir-34a-5p,26457.33847
hsa-mir-758,47.0846122
hsa-mir-29b-2-3p_+_5,1.735758432
hsa-mir-193b-3p,8422.92539
hsa-mir-186-5p_+_2,0
hsa-mir-186-5p_+_1,387.2916473
hsa-mir-425-3p_+_1,10.06879822
hsa-mir-429_-_1,1.983723922
hsa-mir-582-3p_+_1,0
hsa-mir-1295b-3p_+_1,0
hsa-mir-486-5p,10224.43955
hsa-mir-769-3p,102.5688755
hsa-mir-548o-2-3p,1.365436493
hsa-mir-877-5p,193.9935118
hsa-mir-22-5p_+_1,8.414072234
hsa-mir-2276,1.501980142
hsa-let-7a-1-3p_+_1,3.7042454
hsa-mir-1271-5p,7.49255442
hsa-mir-941-3,186.3981823
hsa-mir-449b-5p_+_1,1.363810196
hsa-mir-100-5p_+_1,94.62256602
hsa-mir-100-5p_+_3,39.87957003
hsa-mir-100-5p_+_4,63.58852682
hsa-mir-429_+_1,0
hsa-mir-145-3p_+_1,36.27003432
hsa-mir-145-3p_+_3,5.666257808
hsa-mir-145-3p_+_5,1.640405807
hsa-mir-423-3p_+_5,0
hsa-mir-423-3p_+_2,35.10759773
hsa-mir-423-3p_+_1,330.0868179
hsa-mir-152_+_1,342.0808247
hsa-mir-152_+_2,79.22835621
hsa-mir-138-1-3p,0
hsa-mir-21-3p,2263.736069
hsa-mir-449c-5p,414.4900518
hsa-mir-2681-3p,0
hsa-mir-518f-3p,0
hsa-mir-221-3p,27207.53024
hsa-mir-183-5p_-_1,6.373457121
hsa-mir-371a-5p,0
hsa-mir-4461,1.775067441
hsa-mir-3115,0
hsa-mir-375_+_2,0
hsa-mir-487a,95.05555702
hsa-mir-487b,535.5153288
hsa-mir-3131,0
hsa-mir-361-3p,4367.922936
hsa-mir-450a-1-5p,37.76594906
hsa-mir-4497_-_1,20.98254805
hsa-mir-365a-5p,82.69686874
hsa-mir-149-5p,127.11697
hsa-mir-574-5p_-_1,0
hsa-mir-3679-5p,7.216697569
hsa-mir-5701-2_+_5,1.487792942
hsa-mir-5701-2_+_4,0
hsa-mir-5701-2_+_2,7.620892982
hsa-mir-92a-1-5p_+_1,2.231689412
hsa-mir-3619-3p,1.775067441
hsa-mir-122-3p,611.8749426
hsa-mir-580,0
hsa-mir-142-5p_+_2,0
hsa-mir-576-3p_+_1,0
hsa-mir-20a-5p,8806.746332
hsa-mir-224-5p_+_1,4.454070514
hsa-mir-4649-3p_+_1,0
hsa-mir-1307-5p_+_1,32.95683167
hsa-mir-3158-1-3p,0
hsa-mir-937_-_3,3.002333988
hsa-let-7a-1-3p,155.4326813
hsa-mir-27b-3p,64718.34012
hsa-mir-193b-5p_-_1,21.17294813
hsa-mir-194-1-5p,11481.13464
hsa-let-7a-3-3p_+_1,3.7042454
hsa-mir-99b-5p_+_2,14.22620813
hsa-mir-103a-1-3p_+_1,190.1065326
hsa-mir-103a-1-3p_+_3,1.239827451
hsa-mir-103a-1-3p_+_2,92.51569062
hsa-mir-103a-1-3p_+_6,0
hsa-mir-423-3p_-_1,2817.076681
hsa-mir-1275_-_2,9.942883847
hsa-mir-660-5p_-_1,2.107706667
hsa-mir-627,34.56665244
hsa-mir-455-3p_-_3,9.661309287
hsa-mir-199a-1-5p,2655.429149
hsa-mir-766-3p_+_1,3.277047583
hsa-mir-326_+_1,19.42287866
hsa-mir-323a-3p,123.8391481
hsa-mir-204-5p,228.9884801
hsa-mir-4443_-_1,4.591849814
hsa-mir-550a-1-3p,8.451281667
hsa-mir-125a-5p,11928.07388
hsa-mir-501-5p_+_1,1.501980142
hsa-mir-378a-3p_+_1,781.5081308
hsa-mir-378a-3p_+_2,22.69769267
hsa-mir-125b-1-3p_-_3,0
hsa-mir-23a-3p,7132.61261
hsa-mir-432-5p_+_1,7.953212114
hsa-mir-374b-5p,951.0167684
hsa-mir-548d-1-5p,0
hsa-mir-942_+_2,4.528257542
hsa-mir-335-3p,227.6444565
hsa-mir-449c-5p_+_2,3.967447844
hsa-mir-449c-5p_+_1,1637.805479
hsa-mir-5701-1_+_4,0
hsa-mir-5701-1_+_5,1.487792942
hsa-mir-5701-1_+_2,7.620892982
hsa-mir-361-3p_+_1,359.4273577
hsa-mir-361-3p_+_2,55.20803282
hsa-mir-664-3p_+_4,0
hsa-mir-29a-3p,25739.18858
hsa-mir-15b-5p_-_1,0
hsa-mir-4508_-_1,3.138877637
hsa-mir-4508_-_2,7.383835345
hsa-mir-301a-5p,0
hsa-mir-217_+_1,0
hsa-mir-18a-3p_-_1,1.91161109
hsa-mir-516b-2-5p_+_1,0
hsa-mir-212-3p_-_1,0
hsa-mir-24-2-5p_-_1,573.1994551
hsa-mir-3144-3p,1.611775687
hsa-mir-181d_-_1,0
hsa-mir-4742-3p,0
hsa-mir-497-5p_+_1,273.2422378
hsa-mir-15b-5p_+_1,17.89185264
hsa-mir-23a-3p_-_1,80.84250695
hsa-mir-190a_+_1,0
hsa-mir-16-2-3p_-_1,371.9722505
hsa-mir-30a-5p,45142.1578
hsa-mir-187-3p_+_1,0
hsa-mir-4485_-_1,13.21871223
hsa-mir-4485_-_2,20.35851092
hsa-mir-4485_-_3,36.49398629
hsa-mir-4485_-_4,0
hsa-let-7g-5p,157634.0218
hsa-mir-2355-5p,0
hsa-mir-1234,1.91161109
hsa-mir-1237,6.170628069
hsa-mir-185-5p_-_1,2.46060871
hsa-mir-500a-5p,17.84984352
hsa-mir-10a-5p_+_3,48.29342199
hsa-mir-10a-5p_+_1,10737.02516
hsa-mir-10a-5p_+_6,0
hsa-mir-10a-5p_+_4,0
hsa-mir-644b-3p_-_3,0
hsa-mir-324-5p,2022.486313
hsa-mir-328_-_1,8.640777623
hsa-mir-24-2-3p_+_1,695.6106807
hsa-mir-24-2-3p_+_3,14.42795189
hsa-mir-24-2-3p_+_2,189.8859334
hsa-mir-24-2-3p_+_5,0
hsa-mir-3144-3p_-_1,0
hsa-mir-210_+_1,31.63008423
hsa-mir-210_+_3,1.983723922
hsa-mir-874,411.2179929
hsa-mir-2114-3p,1.735758432
hsa-mir-299-3p,124.1873323
hsa-mir-7-1-3p,58.95639151
hsa-mir-590-3p_-_1,73.78605363
hsa-mir-181a-1-5p_-_1,75.65591329
hsa-mir-873-5p_-_1,0
hsa-mir-4772-5p,0
hsa-mir-151b_+_1,1.501980142
hsa-mir-488-3p,0
hsa-mir-139-3p,3.82322218
hsa-mir-1180_+_1,4.642484076
hsa-mir-937,1.487792942
hsa-mir-320c-2,359.2432528
hsa-mir-100-5p_+_2,0
hsa-mir-100-5p_+_5,22.50931501
hsa-mir-218-1-3p_-_5,34.19623158
hsa-let-7d-3p,870.4691538
hsa-mir-539-3p_+_3,0
hsa-mir-1468_+_1,0
hsa-mir-200b-5p_+_1,0
hsa-mir-129-1-3p,55.78192175
hsa-mir-181a-1-3p,535.8841299
hsa-mir-1270-1,16.51302005
hsa-mir-202-5p,0
hsa-mir-221-3p_-_1,74.96116855
hsa-mir-3613-5p,42.43449787
hsa-mir-3152-5p,0
hsa-mir-541-5p,0
hsa-mir-98_-_1,51.52537793
hsa-mir-34c-3p,3.498264969
hsa-mir-105-2-5p_+_2,0
hsa-mir-105-2-5p_+_3,0
hsa-mir-187-3p,3.814955911
hsa-mir-320c-1_+_1,20.41551168
hsa-mir-542-5p,132.8165695
hsa-let-7d-5p_+_5,12.5230572
hsa-let-7d-5p_+_3,13.70758986
hsa-mir-3200-3p,25.77019079
hsa-mir-222-3p,7021.752327
hsa-mir-150-3p_-_1,1.775067441